{
    "name": "stim_6",
    "screen_size": [
        800,
        1000
    ],
    "tick": 168,
    "tick_samples": [
        168,
        169,
        168,
        169,
        168,
        168,
        169,
        169,
        168,
        168,
        168,
        168,
        169,
        169,
        169,
        168,
        169,
        169,
        168,
        168,
        169,
        170,
        168,
        168,
        168,
        169,
        169,
        168,
        169,
        168,
        169,
        168,
        169,
        169,
        169,
        168,
        169,
        168,
        169,
        168,
        169,
        168,
        169,
        169,
        168,
        168,
        169,
        169,
        169,
        168,
        169,
        168,
        169,
        168,
        168,
        168,
        169,
        169,
        169,
        169,
        169,
        168,
        169,
        169,
        168,
        169,
        168,
        168,
        168,
        169,
        169,
        169,
        168,
        169,
        169,
        169,
        169,
        169,
        168,
        169,
        169,
        169,
        169,
        169,
        168,
        169,
        170,
        168,
        168,
        169,
        168,
        169,
        168,
        168,
        169,
        169,
        168,
        169,
        169,
        168
    ],
    "objects": [
        "Ball",
        "Goal",
        "PlinkoBorder",
        "BottomBorder",
        "Container",
        "Container",
        "Container",
        "Container",
        "Container"
    ],
    "ball_args": [
        [
            600.0,
            306.34451409449954
        ]
    ],
    "goal_args": [
        [
            620.0,
            700.84113916298855
        ]
    ],
    "container_args": [
        [
            [
                600,
                500
            ],
            60.91909596527614,
            0,
            -45.16875638726873
        ],
        [
            [
                400,
                600
            ],
            35.79977474145923,
            -0.09398111229300068,
            45.2418710795527
        ]
    ]
}