{
    "name": "stim_5",
    "screen_size": [
        800,
        1000
    ],
    "tick": 172,
    "tick_samples": [
        171,
        172,
        171,
        172,
        171,
        171,
        172,
        172,
        171,
        171,
        171,
        171,
        171,
        172,
        172,
        171,
        172,
        172,
        172,
        172,
        171,
        171,
        172,
        171,
        171,
        171,
        172,
        171,
        172,
        172,
        172,
        172,
        172,
        172,
        172,
        171,
        172,
        172,
        172,
        171,
        172,
        172,
        172,
        171,
        172,
        172,
        172,
        172,
        171,
        172,
        172,
        172,
        171,
        172,
        171,
        171,
        172,
        171,
        172,
        172,
        172,
        171,
        171,
        171,
        172,
        172,
        173,
        172,
        172,
        172,
        172,
        172,
        172,
        171,
        171,
        172,
        172,
        172,
        171,
        171,
        172,
        172,
        171,
        171,
        172,
        171,
        171,
        172,
        171,
        172,
        171,
        172,
        172,
        172,
        172,
        172,
        172,
        172,
        172,
        172
    ],
    "objects": [
        "Ball",
        "Goal",
        "PlinkoBorder",
        "BottomBorder",
        "Container",
        "Container",
        "Container",
        "Container",
        "Container"
    ],
    "ball_args": [
        [
            537.0,
            133.24574362230905
        ]
    ],
    "goal_args": [
        [
            700.0,
            247.74236869079803
        ]
    ],
    "container_args": [
        [
            [
                305,
                895
            ],
            61.063230063877356,
            -2.5275868327298245,
            -32.04316309174773
        ]
    ]
}