{
    "name": "stim_4",
    "screen_size": [
        800,
        1000
    ],
    "tick": 253,
    "tick_samples": [
        204,
        252,
        218,
        253,
        256,
        251,
        206,
        218,
        199,
        198,
        253,
        218,
        251,
        253,
        253,
        237,
        226,
        252,
        253,
        252,
        225,
        205,
        252,
        253,
        230,
        218,
        217,
        249,
        218,
        255,
        240,
        222,
        253,
        201,
        253,
        200,
        253,
        239,
        254,
        219,
        251,
        236,
        252,
        219,
        252,
        227,
        226,
        252,
        252,
        207,
        220,
        253,
        253,
        251,
        254,
        253,
        210,
        252,
        252,
        253,
        252,
        215,
        231,
        252,
        253,
        253,
        209,
        216,
        252,
        223,
        253,
        253,
        252,
        226,
        253,
        240,
        207,
        215,
        253,
        252,
        252,
        239,
        253,
        254,
        252,
        253,
        220,
        253,
        221,
        251,
        217,
        253,
        245,
        253,
        254,
        251,
        254,
        203,
        248,
        253
    ],
    "objects": [
        "Ball",
        "Goal",
        "PlinkoBorder",
        "BottomBorder",
        "Container",
        "Container",
        "Container",
        "Container",
        "Container"
    ],
    "ball_args": [
        [
            600.0,
            400
        ]
    ],
    "goal_args": [
        [
            470.0,
            600
        ]
    ],
    "container_args": [
        [
            [
                600,
                534
            ],
            89.95551093540115,
            -0.5174308550036631,
            -29.732848938633182
        ]
    ]
}