{"name": "stim_6_goalpos_2", "screen_size": [800, 1500], "tick": 168, "tick_samples": [168, 169, 168, 169, 168, 168, 169, 169, 168, 168, 168, 168, 169, 169, 169, 168, 169, 169, 168, 168, 169, 170, 168, 168, 168, 169, 169, 168, 169, 168, 169, 168, 169, 169, 169, 168, 169, 168, 169, 168, 169, 168, 169, 169, 168, 168, 169, 169, 169, 168, 169, 168, 169, 168, 168, 168, 169, 169, 169, 169, 169, 168, 169, 169, 168, 169, 168, 168, 168, 169, 169, 169, 168, 169, 169, 169, 169, 169, 168, 169, 169, 169, 169, 169, 168, 169, 170, 168, 168, 169, 168, 169, 168, 168, 169, 169, 168, 169, 169, 168], "objects": ["Ball", "Goal", "PlinkoBorder", "BottomBorder", "Container"], "ball_args": [[196.0, 239.2088937264609]], "goal_args": [[196.0, 568.8991058055384]], "container_args": [[[357, 716], 106, 0, -81.86123467652627], [[487, 927], 90, 0, -12.495110578419323], [[548, 824], 82, 0, -69.0729886758465], [[422, 855], 60, 0, -49.81477759735379]], "bottom_border_args": [[10, 1480], [790, 1480]], "plinko_border_args": [1492, 800]}