{"name": "stim_6_goalpos_18", "screen_size": [800, 1500], "tick": 168, "tick_samples": [168, 169, 168, 169, 168, 168, 169, 169, 168, 168, 168, 168, 169, 169, 169, 168, 169, 169, 168, 168, 169, 170, 168, 168, 168, 169, 169, 168, 169, 168, 169, 168, 169, 169, 169, 168, 169, 168, 169, 168, 169, 168, 169, 169, 168, 168, 169, 169, 169, 168, 169, 168, 169, 168, 168, 168, 169, 169, 169, 169, 169, 168, 169, 169, 168, 169, 168, 168, 168, 169, 169, 169, 168, 169, 169, 169, 169, 169, 168, 169, 169, 169, 169, 169, 168, 169, 170, 168, 168, 169, 168, 169, 168, 168, 169, 169, 168, 169, 169, 168], "objects": ["Ball", "Goal", "PlinkoBorder", "BottomBorder", "Container"], "ball_args": [[196.0, 239.2088937264609]], "goal_args": [[196.0, 986.1945733120198]], "container_args": [[[469, 618], 107, 0, -70.04061178471913], [[382, 885], 48, 0, -46.48777927336703], [[584, 335], 107, 0, -101.5561024818801], [[580, 583], 84, 0, 28.098101778428067]], "bottom_border_args": [[10, 1480], [790, 1480]], "plinko_border_args": [1492, 800]}