{"name": "stim_6_goalpos_0", "screen_size": [800, 1500], "tick": 168, "tick_samples": [168, 169, 168, 169, 168, 168, 169, 169, 168, 168, 168, 168, 169, 169, 169, 168, 169, 169, 168, 168, 169, 170, 168, 168, 168, 169, 169, 168, 169, 168, 169, 168, 169, 169, 169, 168, 169, 168, 169, 168, 169, 168, 169, 169, 168, 168, 169, 169, 169, 168, 169, 168, 169, 168, 168, 168, 169, 169, 169, 169, 169, 168, 169, 169, 168, 169, 168, 168, 168, 169, 169, 169, 168, 169, 169, 169, 169, 169, 168, 169, 169, 169, 169, 169, 168, 169, 170, 168, 168, 169, 168, 169, 168, 168, 169, 169, 168, 169, 169, 168], "objects": ["Ball", "Goal", "PlinkoBorder", "BottomBorder", "Container"], "ball_args": [[196.0, 239.2088937264609]], "goal_args": [[196.0, 524.5542982066986]], "container_args": [[[480, 674], 104, 0, -65.99762436879494], [[475, 945], 64, 0, 35.5448108154752], [[385, 938], 114, 0, -73.90630920010126], [[502, 810], 56, 0, 203.9170096625702]], "bottom_border_args": [[10, 1480], [790, 1480]], "plinko_border_args": [1492, 800]}