{"name": "stim_2_goalpos_11", "screen_size": [800, 1500], "tick": [400], "tick_samples": [392, 333, 401, 397, 395, 402, 402, 398, 396, 395, 397, 397, 388, 392, 394, 394, 403, 395, 398, 395, 403, 399, 397, 394, 394, 393, 397, 397, 396, 400, 395, 400, 396, 396, 397, 400, 395, 401, 393, 393, 397, 391, 399, 394, 403, 391, 393, 391, 396, 393, 397, 393, 400, 401, 396, 395, 392, 398, 402, 394, 394, 401, 401, 391, 393, 401, 391, 402, 351, 397, 402, 395, 395, 391, 399, 395, 394, 402, 393, 398, 398, 394, 395, 394, 400, 392, 389, 393, 393, 393, 394, 395, 390, 400, 403, 392, 394, 401, 400, 400], "objects": ["Ball", "Goal", "PlinkoBorder", "BottomBorder", "Container"], "ball_args": [[450.0, 58.63367455319502]], "goal_args": [[700.5918247996499, 664.9176920168666]], "container_args": [[[150, 730], 60.080951377922005, 0, -106.32412897041435], [[450, 700], 63.87755719561747, 0, -29.732848938633182], [[261, 555], 41, 0, 15.799118966992298], [[254, 295], 47, 0, -18.596793119910437]], "bottom_border_args": [[10, 1480], [790, 1480]], "plinko_border_args": [1492, 800]}