{"name": "stim_6_goalpos_4", "screen_size": [800, 1500], "tick": 168, "tick_samples": [168, 169, 168, 169, 168, 168, 169, 169, 168, 168, 168, 168, 169, 169, 169, 168, 169, 169, 168, 168, 169, 170, 168, 168, 168, 169, 169, 168, 169, 168, 169, 168, 169, 169, 169, 168, 169, 168, 169, 168, 169, 168, 169, 169, 168, 168, 169, 169, 169, 168, 169, 168, 169, 168, 168, 168, 169, 169, 169, 169, 169, 168, 169, 169, 168, 169, 168, 168, 168, 169, 169, 169, 168, 169, 169, 169, 169, 169, 168, 169, 169, 169, 169, 169, 168, 169, 170, 168, 168, 169, 168, 169, 168, 168, 169, 169, 168, 169, 169, 168], "objects": ["Ball", "Goal", "PlinkoBorder", "BottomBorder", "Container"], "ball_args": [[196.0, 239.2088937264609]], "goal_args": [[196.0, 615.5018856187476]], "container_args": [[[384, 863], 42, 0, 3.614731017431616], [[582, 728], 51, 0, 6.577510550403452], [[384, 405], 53, 0, 159.02446957301456], [[586, 489], 113, 0, 6.94161665462625]], "bottom_border_args": [[10, 1480], [790, 1480]], "plinko_border_args": [1492, 800]}