{"name": "stim_6_goalpos_21", "screen_size": [800, 1500], "tick": 168, "tick_samples": [168, 169, 168, 169, 168, 168, 169, 169, 168, 168, 168, 168, 169, 169, 169, 168, 169, 169, 168, 168, 169, 170, 168, 168, 168, 169, 169, 168, 169, 168, 169, 168, 169, 169, 169, 168, 169, 168, 169, 168, 169, 168, 169, 169, 168, 168, 169, 169, 169, 168, 169, 168, 169, 168, 168, 168, 169, 169, 169, 169, 169, 168, 169, 169, 168, 169, 168, 168, 168, 169, 169, 169, 168, 169, 169, 169, 169, 169, 168, 169, 169, 169, 169, 169, 168, 169, 170, 168, 168, 169, 168, 169, 168, 168, 169, 169, 168, 169, 169, 168], "objects": ["Ball", "Goal", "PlinkoBorder", "BottomBorder", "Container"], "ball_args": [[196.0, 239.2088937264609]], "goal_args": [[396.0, 1076.5150377352868]], "container_args": [[[588, 428], 74, 0, -105.16201110637938], [[408, 776], 80, 0, 1.0558109398332367], [[506, 556], 61, 0, 136.58745994299215], [[434, 225], 53, 0, -141.36200479622198]], "bottom_border_args": [[10, 1480], [790, 1480]], "plinko_border_args": [1492, 800]}