{"name": "stim_1", "screen_size": [800, 1000], "tick": [306], "tick_samples": [305, 305, 305, 306, 305, 305, 306, 305, 305, 305, 305, 305, 305, 305, 305, 305, 305, 305, 306, 305, 305, 305, 306, 305, 306, 305, 306, 305, 305, 306, 305, 306, 305, 305, 306, 305, 305, 305, 305, 305, 305, 306, 305, 305, 305, 306, 305, 305, 305, 306, 305, 306, 306, 305, 305, 305, 305, 305, 305, 305, 305, 306, 305, 306, 305, 305, 305, 306, 305, 306, 306, 306, 305, 305, 305, 305, 305, 305, 305, 305, 305, 305, 305, 306, 305, 305, 305, 305, 306, 305, 306, 305, 305, 305, 305, 305, 305, 305, 306, 306], "objects": ["Ball", "Goal", "PlinkoBorder", "BottomBorder", "Container", "Container", "Container", "Container", "Container"], "ball_args": [[244.0, 72.67460652900655]], "goal_args": [[117.92929228961573, 646.4175671639636]], "container_args": [[[244, 664], 48.043992499278716, -13.613307815557674, -8.248627179165567], [[505, 567], 51, 5.0201260915685015, -23.850675211539453], [[342, 761], 46, 3.7916831763695207, -16.78909299363253], [[446, 391], 114, -20.533218973138837, -111.67008883525232], [[543, 796], 43, 6.5026457022049815, 25.572069833787538]]}