{"name": "stim_3", "screen_size": [800, 1000], "tick": 184, "tick_samples": [184, 184, 183, 184, 181, 184, 183, 183, 184, 183, 183, 185, 184, 183, 184, 184, 184, 183, 183, 182, 185, 185, 183, 183, 183, 184, 184, 184, 182, 185, 184, 183, 184, 183, 184, 183, 184, 183, 184, 183, 184, 184, 183, 183, 184, 184, 183, 183, 183, 184, 183, 184, 184, 183, 184, 184, 185, 184, 184, 183, 183, 184, 185, 184, 184, 183, 183, 183, 184, 184, 184, 184, 184, 185, 185, 183, 182, 185, 184, 183, 184, 184, 184, 184, 183, 184, 185, 183, 184, 182, 182, 184, 182, 192, 183, 183, 184, 184, 185, 184], "objects": ["Ball", "Goal", "PlinkoBorder", "BottomBorder", "Container", "Container", "Container", "Container", "Container"], "ball_args": [[553.0, 175.8118295182497]], "goal_args": [[633.0, 588.4488918492414]], "container_args": [[[530, 650], 93.19195104915069, -13.357444545871594, 60.759731475039224], [[330, 884], 38.70881830977715, 9.07299756800675, -58.39048934930162], [[529, 786], 72.46038567539392, 16.22293318623288, 48.57912923979264], [[421, 805], 35.15788981943381, 25.036719808436384, -86.45792577467539], [[313, 915], 48.85818667684478, -18.279412182182366, 147.5524285297488]]}