{"name": "stim_5", "screen_size": [800, 1000], "tick": 172, "tick_samples": [171, 172, 171, 172, 171, 171, 172, 172, 171, 171, 171, 171, 171, 172, 172, 171, 172, 172, 172, 172, 171, 171, 172, 171, 171, 171, 172, 171, 172, 172, 172, 172, 172, 172, 172, 171, 172, 172, 172, 171, 172, 172, 172, 171, 172, 172, 172, 172, 171, 172, 172, 172, 171, 172, 171, 171, 172, 171, 172, 172, 172, 171, 171, 171, 172, 172, 173, 172, 172, 172, 172, 172, 172, 171, 171, 172, 172, 172, 171, 171, 172, 172, 171, 171, 172, 171, 171, 172, 171, 172, 171, 172, 172, 172, 172, 172, 172, 172, 172, 172], "objects": ["Ball", "Goal", "PlinkoBorder", "BottomBorder", "Container", "Container", "Container", "Container", "Container"], "ball_args": [[537.0, 133.24574362230905]], "goal_args": [[617.0, 407.8761640492245]], "container_args": [[[329, 454], 66.52414470148952, -4.771610615093362, -88.73939827469285], [[362, 245], 53.95683334694462, -4.823813984073007, -138.78923172542636], [[262, 296], 81.82213218884905, -10.199539166699248, -24.030830243295405], [[376, 554], 38.41156249451944, 13.010496415386877, -62.729185095088], [[300, 448], 98.81011475794998, -7.248158428756289, 48.17652604831511]]}