{"name": "stim_6", "screen_size": [800, 1000], "tick": 168, "tick_samples": [168, 169, 168, 169, 168, 168, 169, 169, 168, 168, 168, 168, 169, 169, 169, 168, 169, 169, 168, 168, 169, 170, 168, 168, 168, 169, 169, 168, 169, 168, 169, 168, 169, 169, 169, 168, 169, 168, 169, 168, 169, 168, 169, 169, 168, 168, 169, 169, 169, 168, 169, 168, 169, 168, 168, 168, 169, 169, 169, 169, 169, 168, 169, 169, 168, 169, 168, 168, 168, 169, 169, 169, 168, 169, 169, 169, 169, 169, 168, 169, 169, 169, 169, 169, 168, 169, 170, 168, 168, 169, 168, 169, 168, 168, 169, 169, 168, 169, 169, 168], "objects": ["Ball", "Goal", "PlinkoBorder", "BottomBorder", "Container", "Container", "Container", "Container", "Container"], "ball_args": [[196.0, 156.34451409449954]], "goal_args": [[276.0, 520.7834289717372]], "container_args": [[[590, 640], 42.05936401209588, 10.882125140217802, 245.64967409261538], [[530, 364], 85.93421164867027, -5.029663405735007, -5.529072727616906], [[423, 863], 64.23531996577009, -3.9378753241829734, -156.35477377509102], [[377, 704], 69.55872545801579, -15.82341714888763, 72.50350479729411], [[407, 853], 39.42878148019257, 4.429778346791227, 82.99216446440795]]}