{"name": "stim_6", "screen_size": [800, 1000], "tick": 168, "tick_samples": [168, 169, 168, 169, 168, 168, 169, 169, 168, 168, 168, 168, 169, 169, 169, 168, 169, 169, 168, 168, 169, 170, 168, 168, 168, 169, 169, 168, 169, 168, 169, 168, 169, 169, 169, 168, 169, 168, 169, 168, 169, 168, 169, 169, 168, 168, 169, 169, 169, 168, 169, 168, 169, 168, 168, 168, 169, 169, 169, 169, 169, 168, 169, 169, 168, 169, 168, 168, 168, 169, 169, 169, 168, 169, 169, 169, 169, 169, 168, 169, 169, 169, 169, 169, 168, 169, 170, 168, 168, 169, 168, 169, 168, 168, 169, 169, 168, 169, 169, 168], "objects": ["Ball", "Goal", "PlinkoBorder", "BottomBorder", "Container", "Container", "Container", "Container", "Container"], "ball_args": [[196.0, 156.34451409449954]], "goal_args": [[276.0, 632.032090114635]], "container_args": [[[425, 223], 39.14905398222528, -4.614630266812228, -3.0883898955412867], [[532, 751], 96.05909002460946, -11.377333438365163, 44.08327940155175], [[535, 421], 42.14632889192653, 0.28584897173990675, 11.619622633261109], [[589, 875], 58.52568726113921, 7.895709444987707, 157.36155401228726], [[498, 673], 55.59633757327324, -8.880149394310582, -7.961692257288342]]}