{"name": "stim_6", "screen_size": [800, 1000], "tick": 168, "tick_samples": [168, 169, 168, 169, 168, 168, 169, 169, 168, 168, 168, 168, 169, 169, 169, 168, 169, 169, 168, 168, 169, 170, 168, 168, 168, 169, 169, 168, 169, 168, 169, 168, 169, 169, 169, 168, 169, 168, 169, 168, 169, 168, 169, 169, 168, 168, 169, 169, 169, 168, 169, 168, 169, 168, 168, 168, 169, 169, 169, 169, 169, 168, 169, 169, 168, 169, 168, 168, 168, 169, 169, 169, 168, 169, 169, 169, 169, 169, 168, 169, 169, 169, 169, 169, 168, 169, 170, 168, 168, 169, 168, 169, 168, 168, 169, 169, 168, 169, 169, 168], "objects": ["Ball", "Goal", "PlinkoBorder", "BottomBorder", "Container", "Container", "Container", "Container", "Container"], "ball_args": [[196.0, 156.34451409449954]], "goal_args": [[116.0, 302.4879904807811]], "container_args": [[[568, 350], 50.64923363565452, -3.7746944763925345, -1.053834353426836], [[419, 777], 39.88263173189286, -5.3713302401710425, 130.6354240332797], [[431, 312], 49.31790023007373, 19.175310321941815, -52.65450210664117], [[516, 545], 98.64094910121415, 8.055339081161051, -99.0959687347371], [[497, 674], 71.35876683177483, 2.7051742747188428, 61.53664816410107]]}