{"name": "stim_1", "screen_size": [800, 1000], "tick": [306], "tick_samples": [305, 305, 305, 306, 305, 305, 306, 305, 305, 305, 305, 305, 305, 305, 305, 305, 305, 305, 306, 305, 305, 305, 306, 305, 306, 305, 306, 305, 305, 306, 305, 306, 305, 305, 306, 305, 305, 305, 305, 305, 305, 306, 305, 305, 305, 306, 305, 305, 305, 306, 305, 306, 306, 305, 305, 305, 305, 305, 305, 305, 305, 306, 305, 306, 305, 305, 305, 306, 305, 306, 306, 306, 305, 305, 305, 305, 305, 305, 305, 305, 305, 305, 305, 306, 305, 305, 305, 305, 306, 305, 306, 305, 305, 305, 305, 305, 305, 305, 306, 306], "objects": ["Ball", "Goal", "PlinkoBorder", "BottomBorder", "Container", "Container", "Container", "Container", "Container"], "ball_args": [[244.0, 72.67460652900655]], "goal_args": [[179.0, 966.0]], "container_args": [[[244, 664], 41.72455020307933, -13.613307815557674, -8.248627179165567], [[545, 935], 76.33234321123302, -0.07902349122848652, -202.59403290146253], [[460, 347], 74.11669664838153, 0.31490951057820304, -20.607555387773786], [[519, 572], 82.65137308065304, -10.125452313177853, -29.808568187447502], [[485, 905], 31.043481273988082, 16.470510318678887, -49.86500435416238]]}