{"name": "stim_4", "screen_size": [800, 1000], "tick": 253, "tick_samples": [204, 252, 218, 253, 256, 251, 206, 218, 199, 198, 253, 218, 251, 253, 253, 237, 226, 252, 253, 252, 225, 205, 252, 253, 230, 218, 217, 249, 218, 255, 240, 222, 253, 201, 253, 200, 253, 239, 254, 219, 251, 236, 252, 219, 252, 227, 226, 252, 252, 207, 220, 253, 253, 251, 254, 253, 210, 252, 252, 253, 252, 215, 231, 252, 253, 253, 209, 216, 252, 223, 253, 253, 252, 226, 253, 240, 207, 215, 253, 252, 252, 239, 253, 254, 252, 253, 220, 253, 221, 251, 217, 253, 245, 253, 254, 251, 254, 203, 248, 253], "objects": ["Ball", "Goal", "PlinkoBorder", "BottomBorder", "Container", "Container", "Container", "Container", "Container"], "ball_args": [[600.0, 154.18800491422394]], "goal_args": [[445.40487941593534, 391.3218962044411]], "container_args": [[[600, 395], 34.376165249007805, -0.5174308550036631, -29.732848938633182], [[561, 885], 108, 11.452360377338728, 88.1193775913866], [[244, 414], 56, 6.563851163391577, 37.73170475818844], [[535, 883], 119, -3.543791051401799, -107.5399535817554], [[598, 775], 105, 7.24799063010534, 3.3478271842814866]]}