{"name": "stim_6", "screen_size": [800, 1000], "tick": 168, "tick_samples": [168, 169, 168, 169, 168, 168, 169, 169, 168, 168, 168, 168, 169, 169, 169, 168, 169, 169, 168, 168, 169, 170, 168, 168, 168, 169, 169, 168, 169, 168, 169, 168, 169, 169, 169, 168, 169, 168, 169, 168, 169, 168, 169, 169, 168, 168, 169, 169, 169, 168, 169, 168, 169, 168, 168, 168, 169, 169, 169, 169, 169, 168, 169, 169, 168, 169, 168, 168, 168, 169, 169, 169, 168, 169, 169, 169, 169, 169, 168, 169, 169, 169, 169, 169, 168, 169, 170, 168, 168, 169, 168, 169, 168, 168, 169, 169, 168, 169, 169, 168], "objects": ["Ball", "Goal", "PlinkoBorder", "BottomBorder", "Container", "Container", "Container", "Container", "Container"], "ball_args": [[196.0, 156.34451409449954]], "goal_args": [[276.0, 239.2088937264609]], "container_args": [[[564, 845], 36.6939704080098, -6.787252505067061, 38.324661966797045], [[600, 230], 45.78561944737953, -2.419362361829867, -27.852680943298967], [[516, 735], 62.55820525399391, 15.092051376226767, -0.4009100249579943], [[427, 517], 52.4828979684314, 0.055979432514747865, 66.60898391881334], [[596, 802], 72.07397544140224, -16.424046126685507, -78.77065336503338]]}