{"name": "stim_3", "screen_size": [800, 1000], "tick": 184, "tick_samples": [184, 184, 183, 184, 181, 184, 183, 183, 184, 183, 183, 185, 184, 183, 184, 184, 184, 183, 183, 182, 185, 185, 183, 183, 183, 184, 184, 184, 182, 185, 184, 183, 184, 183, 184, 183, 184, 183, 184, 183, 184, 184, 183, 183, 184, 184, 183, 183, 183, 184, 183, 184, 184, 183, 184, 184, 185, 184, 184, 183, 183, 184, 185, 184, 184, 183, 183, 183, 184, 184, 184, 184, 184, 185, 185, 183, 182, 185, 184, 183, 184, 184, 184, 184, 183, 184, 185, 183, 184, 182, 182, 184, 182, 192, 183, 183, 184, 184, 185, 184], "objects": ["Ball", "Goal", "PlinkoBorder", "BottomBorder", "Container", "Container", "Container", "Container", "Container"], "ball_args": [[553.0, 175.8118295182497]], "goal_args": [[652.0, 966.0]], "container_args": [[[530, 650], 45.067589167742646, -13.357444545871594, 60.759731475039224], [[284, 944], 51.19284841396148, 4.376490630821167, 19.896364955506943], [[320, 938], 56.208888399237125, 0.19054829587565267, -142.00361924427682], [[408, 912], 56.427455608447595, 3.547484310663423, 53.07546658407172], [[501, 896], 75.08337852235394, 14.149858495715684, 13.536418738962013]]}