{"name": "stim_1", "screen_size": [800, 1000], "tick": [306], "tick_samples": [305, 305, 305, 306, 305, 305, 306, 305, 305, 305, 305, 305, 305, 305, 305, 305, 305, 305, 306, 305, 305, 305, 306, 305, 306, 305, 306, 305, 305, 306, 305, 306, 305, 305, 306, 305, 305, 305, 305, 305, 305, 306, 305, 305, 305, 306, 305, 305, 305, 306, 305, 306, 306, 305, 305, 305, 305, 305, 305, 305, 305, 306, 305, 306, 305, 305, 305, 306, 305, 306, 306, 306, 305, 305, 305, 305, 305, 305, 305, 305, 305, 305, 305, 306, 305, 305, 305, 305, 306, 305, 306, 305, 305, 305, 305, 305, 305, 305, 306, 306], "objects": ["Ball", "Goal", "PlinkoBorder", "BottomBorder", "Container", "Container", "Container", "Container", "Container"], "ball_args": [[244.0, 72.67460652900655]], "goal_args": [[170.58591025770195, 825.7079599782734]], "container_args": [[[244, 664], 39.08898510986027, -13.613307815557674, -8.248627179165567], [[552, 928], 33.21915441468836, 4.792775966682182, 60.824274333053836], [[460, 309], 38.73475727080851, 0.3889489333744691, -104.89044320392102], [[490, 287], 42.658716885961695, 12.439489788575774, -71.43902475271277], [[596, 867], 41.84990316519169, 18.853305367297054, -58.54889384645038]]}