{"name": "stim_1", "screen_size": [800, 1000], "tick": [306], "tick_samples": [305, 305, 305, 306, 305, 305, 306, 305, 305, 305, 305, 305, 305, 305, 305, 305, 305, 305, 306, 305, 305, 305, 306, 305, 306, 305, 306, 305, 305, 306, 305, 306, 305, 305, 306, 305, 305, 305, 305, 305, 305, 306, 305, 305, 305, 306, 305, 305, 305, 306, 305, 306, 306, 305, 305, 305, 305, 305, 305, 305, 305, 306, 305, 306, 305, 305, 305, 306, 305, 306, 306, 306, 305, 305, 305, 305, 305, 305, 305, 305, 305, 305, 305, 306, 305, 305, 305, 305, 306, 305, 306, 305, 305, 305, 305, 305, 305, 305, 306, 306], "objects": ["Ball", "Goal", "PlinkoBorder", "BottomBorder", "Container", "Container", "Container", "Container", "Container"], "ball_args": [[244.0, 72.67460652900655]], "goal_args": [[162.17046577204, 628.7752808697503]], "container_args": [[[244, 664], 64.8042368815843, -13.613307815557674, -8.248627179165567], [[576, 571], 72.8937026908273, 4.853275770427608, -50.20183541958914], [[586, 860], 68.25383947924816, 9.845343912814478, -40.78347756872916], [[531, 673], 39.61382389441186, -11.196301211725995, 37.64366417572788], [[288, 680], 79.56508802961906, 12.757046828571745, -142.85582297638737]]}