{"name": "stim_6", "screen_size": [800, 1000], "tick": 168, "tick_samples": [168, 169, 168, 169, 168, 168, 169, 169, 168, 168, 168, 168, 169, 169, 169, 168, 169, 169, 168, 168, 169, 170, 168, 168, 168, 169, 169, 168, 169, 168, 169, 168, 169, 169, 169, 168, 169, 168, 169, 168, 169, 168, 169, 169, 168, 168, 169, 169, 169, 168, 169, 168, 169, 168, 168, 168, 169, 169, 169, 169, 169, 168, 169, 169, 168, 169, 168, 168, 168, 169, 169, 169, 168, 169, 169, 169, 169, 169, 168, 169, 169, 169, 169, 169, 168, 169, 170, 168, 168, 169, 168, 169, 168, 168, 169, 169, 168, 169, 169, 168], "objects": ["Ball", "Goal", "PlinkoBorder", "BottomBorder", "Container", "Container", "Container", "Container", "Container"], "ball_args": [[196.0, 156.34451409449954]], "goal_args": [[196.0, 808.8475639809676]], "container_args": [[[566, 560], 120, 8.192016235274119, 86.23311986359742], [[509, 294], 99, -7.517651515790792, -108.69139544227403], [[387, 889], 102, -1.5241646269095628, 159.00021330037484], [[357, 822], 46, 6.333252828774238, 31.961012913130276], [[391, 366], 55, 7.043833540592356, -143.31660737046215]]}