{"name": "stim_4", "screen_size": [800, 1000], "tick": 253, "tick_samples": [204, 252, 218, 253, 256, 251, 206, 218, 199, 198, 253, 218, 251, 253, 253, 237, 226, 252, 253, 252, 225, 205, 252, 253, 230, 218, 217, 249, 218, 255, 240, 222, 253, 201, 253, 200, 253, 239, 254, 219, 251, 236, 252, 219, 252, 227, 226, 252, 252, 207, 220, 253, 253, 251, 254, 253, 210, 252, 252, 253, 252, 215, 231, 252, 253, 253, 209, 216, 252, 223, 253, 253, 252, 226, 253, 240, 207, 215, 253, 252, 252, 239, 253, 254, 252, 253, 220, 253, 221, 251, 217, 253, 245, 253, 254, 251, 254, 203, 248, 253], "objects": ["Ball", "Goal", "PlinkoBorder", "BottomBorder", "Container", "Container", "Container", "Container", "Container"], "ball_args": [[600.0, 154.18800491422394]], "goal_args": [[520.0, 288.08994009219634]], "container_args": [[[600, 395], 89.95551093540115, -0.5174308550036631, -29.732848938633182], [[549, 543], 59.390813256517426, 1.0819715322587113, 249.71969678926234], [[477, 942], 91.36805892841221, -8.170929144454455, 13.77196312993511], [[508, 567], 43.56618372997296, -2.020235958503101, 32.453267756546154], [[522, 512], 70.69313555898873, -20.61673144345744, -5.148654859709763]]}