{"name": "stim_6", "screen_size": [800, 1000], "tick": 168, "tick_samples": [168, 169, 168, 169, 168, 168, 169, 169, 168, 168, 168, 168, 169, 169, 169, 168, 169, 169, 168, 168, 169, 170, 168, 168, 168, 169, 169, 168, 169, 168, 169, 168, 169, 169, 169, 168, 169, 168, 169, 168, 169, 168, 169, 169, 168, 168, 169, 169, 169, 168, 169, 168, 169, 168, 168, 168, 169, 169, 169, 169, 169, 168, 169, 169, 168, 169, 168, 168, 168, 169, 169, 169, 168, 169, 169, 169, 169, 169, 168, 169, 169, 169, 169, 169, 168, 169, 170, 168, 168, 169, 168, 169, 168, 168, 169, 169, 168, 169, 169, 168], "objects": ["Ball", "Goal", "PlinkoBorder", "BottomBorder", "Container", "Container", "Container", "Container", "Container"], "ball_args": [[196.0, 156.34451409449954]], "goal_args": [[116.0, 341.77874177261094]], "container_args": [[[303, 210], 57.7498746773838, -20.48761269017502, 52.42531997663406], [[541, 473], 59.34255890003878, 1.3695347860474367, -70.05541916642484], [[438, 941], 76.9856060381992, 12.660501992511161, -153.52820100786224], [[413, 773], 65.73771148368817, -16.459415688217778, -3.111677084765938], [[459, 388], 53.68692741320323, 3.8336573756198518, -8.829376051974569]]}