{"name": "stim_6", "screen_size": [800, 1000], "tick": 168, "tick_samples": [168, 169, 168, 169, 168, 168, 169, 169, 168, 168, 168, 168, 169, 169, 169, 168, 169, 169, 168, 168, 169, 170, 168, 168, 168, 169, 169, 168, 169, 168, 169, 168, 169, 169, 169, 168, 169, 168, 169, 168, 169, 168, 169, 169, 168, 168, 169, 169, 169, 168, 169, 168, 169, 168, 168, 168, 169, 169, 169, 169, 169, 168, 169, 169, 168, 169, 168, 168, 168, 169, 169, 169, 168, 169, 169, 169, 169, 169, 168, 169, 169, 169, 169, 169, 168, 169, 170, 168, 168, 169, 168, 169, 168, 168, 169, 169, 168, 169, 169, 168], "objects": ["Ball", "Goal", "PlinkoBorder", "BottomBorder", "Container", "Container", "Container", "Container", "Container"], "ball_args": [[196.0, 156.34451409449954]], "goal_args": [[276.0, 575.1500624788883]], "container_args": [[[421, 287], 84.7386591127551, -6.085637928424779, -94.90480963116036], [[518, 401], 33.74502205305133, 6.2420135613909755, -12.35958937189893], [[471, 287], 79.30677371575725, -4.239872987656514, 38.926303423473506], [[490, 547], 52.82639423451474, 0.7938930285155655, -56.529704090474524], [[453, 773], 59.27580956901572, 2.8309084911680307, -63.43188126405743]]}