{"name": "stim_1", "screen_size": [800, 1000], "tick": [306], "tick_samples": [305, 305, 305, 306, 305, 305, 306, 305, 305, 305, 305, 305, 305, 305, 305, 305, 305, 305, 306, 305, 305, 305, 306, 305, 306, 305, 306, 305, 305, 306, 305, 306, 305, 305, 306, 305, 305, 305, 305, 305, 305, 306, 305, 305, 305, 306, 305, 305, 305, 306, 305, 306, 306, 305, 305, 305, 305, 305, 305, 305, 305, 306, 305, 306, 305, 305, 305, 306, 305, 306, 306, 306, 305, 305, 305, 305, 305, 305, 305, 305, 305, 305, 305, 306, 305, 305, 305, 305, 306, 305, 306, 305, 305, 305, 305, 305, 305, 305, 306, 306], "objects": ["Ball", "Goal", "PlinkoBorder", "BottomBorder", "Container", "Container", "Container", "Container", "Container"], "ball_args": [[244.0, 72.67460652900655]], "goal_args": [[51.79760972399717, 579.4771384906986]], "container_args": [[[244, 664], 85.21799128379772, -13.613307815557674, -8.248627179165567], [[375, 890], 31.435280191815743, 4.4832763362026515, -2.3322585082687683], [[509, 513], 32.29037994398174, -8.579407555065789, 31.396221089740383], [[339, 787], 62.2898219339356, 16.009785253667882, 56.7399153201267], [[330, 878], 90.35031468429631, -1.9164423880052825, -132.16169906668873]]}