{"name": "stim_6", "screen_size": [800, 1000], "tick": 168, "tick_samples": [168, 169, 168, 169, 168, 168, 169, 169, 168, 168, 168, 168, 169, 169, 169, 168, 169, 169, 168, 168, 169, 170, 168, 168, 168, 169, 169, 168, 169, 168, 169, 168, 169, 169, 169, 168, 169, 168, 169, 168, 169, 168, 169, 169, 168, 168, 169, 169, 169, 168, 169, 168, 169, 168, 168, 168, 169, 169, 169, 169, 169, 168, 169, 169, 168, 169, 168, 168, 168, 169, 169, 169, 168, 169, 169, 169, 169, 169, 168, 169, 169, 169, 169, 169, 168, 169, 170, 168, 168, 169, 168, 169, 168, 168, 169, 169, 168, 169, 169, 168], "objects": ["Ball", "Goal", "PlinkoBorder", "BottomBorder", "Container", "Container", "Container", "Container", "Container"], "ball_args": [[196.0, 156.34451409449954]], "goal_args": [[276.0, 745.6934638771402]], "container_args": [[[484, 356], 71.52284235364895, 12.591905176976626, -7.186814666598246], [[464, 649], 82.6914663644254, -5.644273289791487, -13.17203134755947], [[370, 846], 47.977215670129965, -16.721439955172578, -73.71229186354306], [[592, 758], 58.629667562930855, -3.733656934875629, -76.75538136595863], [[334, 769], 36.91772638192877, -5.4099461029570595, -49.352363006399905]]}