{"name": "stim_3", "screen_size": [800, 1000], "tick": 184, "tick_samples": [184, 184, 183, 184, 181, 184, 183, 183, 184, 183, 183, 185, 184, 183, 184, 184, 184, 183, 183, 182, 185, 185, 183, 183, 183, 184, 184, 184, 182, 185, 184, 183, 184, 183, 184, 183, 184, 183, 184, 183, 184, 184, 183, 183, 184, 184, 183, 183, 183, 184, 183, 184, 184, 183, 184, 184, 185, 184, 184, 183, 183, 184, 185, 184, 184, 183, 183, 183, 184, 184, 184, 184, 184, 185, 185, 183, 182, 185, 184, 183, 184, 184, 184, 184, 183, 184, 185, 183, 184, 182, 182, 184, 182, 192, 183, 183, 184, 184, 185, 184], "objects": ["Ball", "Goal", "PlinkoBorder", "BottomBorder", "Container", "Container", "Container", "Container", "Container"], "ball_args": [[553.0, 175.8118295182497]], "goal_args": [[473.0, 528.5307141477572]], "container_args": [[[530, 650], 72.8874976027445, -13.357444545871594, 60.759731475039224], [[287, 425], 68.72295672296937, 10.540449412308977, -31.871437800541447], [[213, 511], 76.57114530597818, 5.845468682232378, -156.14659694612524], [[384, 856], 64.07294722644926, -0.7169955164391955, 18.80392246823582], [[253, 388], 93.7098369739891, 7.663865738879378, 23.34714015864892]]}