{"name": "stim_3", "screen_size": [800, 1000], "tick": 184, "tick_samples": [184, 184, 183, 184, 181, 184, 183, 183, 184, 183, 183, 185, 184, 183, 184, 184, 184, 183, 183, 182, 185, 185, 183, 183, 183, 184, 184, 184, 182, 185, 184, 183, 184, 183, 184, 183, 184, 183, 184, 183, 184, 184, 183, 183, 184, 184, 183, 183, 183, 184, 183, 184, 184, 183, 184, 184, 185, 184, 184, 183, 183, 184, 185, 184, 184, 183, 183, 183, 184, 184, 184, 184, 184, 185, 185, 183, 182, 185, 184, 183, 184, 184, 184, 184, 183, 184, 185, 183, 184, 182, 182, 184, 182, 192, 183, 183, 184, 184, 185, 184], "objects": ["Ball", "Goal", "PlinkoBorder", "BottomBorder", "Container", "Container", "Container", "Container", "Container"], "ball_args": [[553.0, 175.8118295182497]], "goal_args": [[633.0, 258.6762091502111]], "container_args": [[[530, 650], 50.10273216470342, -13.357444545871594, 60.759731475039224], [[470, 835], 85.40881687249035, 1.7375477390220164, -71.83464178933832], [[465, 886], 47.308637796713754, 4.758700941663759, -164.9679170222643], [[313, 814], 38.075128942947345, 9.191920492225593, -49.011805123528184], [[204, 265], 44.582266405360045, -5.466999203022933, 91.62463662442212]]}