{"name": "stim_5", "screen_size": [800, 1000], "tick": 172, "tick_samples": [171, 172, 171, 172, 171, 171, 172, 172, 171, 171, 171, 171, 171, 172, 172, 171, 172, 172, 172, 172, 171, 171, 172, 171, 171, 171, 172, 171, 172, 172, 172, 172, 172, 172, 172, 171, 172, 172, 172, 171, 172, 172, 172, 171, 172, 172, 172, 172, 171, 172, 172, 172, 171, 172, 171, 171, 172, 171, 172, 172, 172, 171, 171, 171, 172, 172, 173, 172, 172, 172, 172, 172, 172, 171, 171, 172, 172, 172, 171, 171, 172, 172, 171, 171, 172, 171, 171, 172, 171, 172, 171, 172, 172, 172, 172, 172, 172, 172, 172, 172], "objects": ["Ball", "Goal", "PlinkoBorder", "BottomBorder", "Container", "Container", "Container", "Container", "Container"], "ball_args": [[537.0, 133.24574362230905]], "goal_args": [[617.0, 323.2745968696739]], "container_args": [[[327, 778], 36.86176197569696, -8.115676672289563, -9.589418966024674], [[273, 804], 73.07514233226382, 14.95583333087789, -149.15166414240252], [[332, 829], 48.007191195405696, 11.353433954243608, 167.63750128064189], [[224, 550], 76.18484651285453, 16.42587239676605, -37.20167574085271], [[209, 686], 42.46339812078722, -7.329693241551921, -141.02951005756495]]}