{"name": "stim_3", "screen_size": [800, 1000], "tick": 184, "tick_samples": [184, 184, 183, 184, 181, 184, 183, 183, 184, 183, 183, 185, 184, 183, 184, 184, 184, 183, 183, 182, 185, 185, 183, 183, 183, 184, 184, 184, 182, 185, 184, 183, 184, 183, 184, 183, 184, 183, 184, 183, 184, 184, 183, 183, 184, 184, 183, 183, 183, 184, 183, 184, 184, 183, 184, 184, 185, 184, 184, 183, 183, 184, 185, 184, 184, 183, 183, 183, 184, 184, 184, 184, 184, 185, 185, 183, 182, 185, 184, 183, 184, 184, 184, 184, 183, 184, 185, 183, 184, 182, 182, 184, 182, 192, 183, 183, 184, 184, 185, 184], "objects": ["Ball", "Goal", "PlinkoBorder", "BottomBorder", "Container", "Container", "Container", "Container", "Container"], "ball_args": [[553.0, 175.8118295182497]], "goal_args": [[473.0, 294.08779559688264]], "container_args": [[[530, 650], 91.45080577555767, -13.357444545871594, 60.759731475039224], [[594, 900], 84.68883448356817, -1.5462026324563065, 29.410655563382935], [[319, 806], 44.88916095454025, -12.327929266897913, 42.646073026329795], [[371, 252], 84.97212304625953, -3.8076180209385146, -18.913505883334963], [[268, 887], 38.76295275771912, 4.72562622426285, -133.28926706390274]]}