{"name": "stim_1", "screen_size": [800, 1000], "tick": [306], "tick_samples": [305, 305, 305, 306, 305, 305, 306, 305, 305, 305, 305, 305, 305, 305, 305, 305, 305, 305, 306, 305, 305, 305, 306, 305, 306, 305, 306, 305, 305, 306, 305, 306, 305, 305, 306, 305, 305, 305, 305, 305, 305, 306, 305, 305, 305, 306, 305, 305, 305, 306, 305, 306, 306, 305, 305, 305, 305, 305, 305, 305, 305, 306, 305, 306, 305, 305, 305, 306, 305, 306, 306, 306, 305, 305, 305, 305, 305, 305, 305, 305, 305, 305, 305, 306, 305, 305, 305, 305, 306, 305, 306, 305, 305, 305, 305, 305, 305, 305, 306, 306], "objects": ["Ball", "Goal", "PlinkoBorder", "BottomBorder", "Container", "Container", "Container", "Container", "Container"], "ball_args": [[244.0, 72.67460652900655]], "goal_args": [[86.17889207939479, 512.837534056179]], "container_args": [[[244, 664], 70.39201923785984, -13.613307815557674, -8.248627179165567], [[521, 235], 60.66134112003168, 3.1159559445106026, -124.41553781287791], [[552, 900], 98.93292639264503, -14.973392727702766, -137.90575883325113], [[389, 588], 66.15689051957405, 4.8202932041556075, 74.82263589622991], [[503, 564], 41.59855307561404, 9.528670534718666, -134.94041396548772]]}