{"name": "stim_6", "screen_size": [800, 1000], "tick": 168, "tick_samples": [168, 169, 168, 169, 168, 168, 169, 169, 168, 168, 168, 168, 169, 169, 169, 168, 169, 169, 168, 168, 169, 170, 168, 168, 168, 169, 169, 168, 169, 168, 169, 168, 169, 169, 169, 168, 169, 168, 169, 168, 169, 168, 169, 169, 168, 168, 169, 169, 169, 168, 169, 168, 169, 168, 168, 168, 169, 169, 169, 169, 169, 168, 169, 169, 168, 169, 168, 168, 168, 169, 169, 169, 168, 169, 169, 169, 169, 169, 168, 169, 169, 169, 169, 169, 168, 169, 170, 168, 168, 169, 168, 169, 168, 168, 169, 169, 168, 169, 169, 168], "objects": ["Ball", "Goal", "PlinkoBorder", "BottomBorder", "Container", "Container", "Container", "Container", "Container"], "ball_args": [[196.0, 156.34451409449954]], "goal_args": [[276.0, 384.69691142376024]], "container_args": [[[470, 836], 33.1126668143327, -7.318864864314019, 117.16165089410444], [[358, 646], 60.159835620070254, -3.9142925335546126, 64.17038528025657], [[528, 809], 91.88494934185223, -12.328852148546092, 5.622239088026245], [[548, 659], 75.54878434468228, -7.055620229833028, -62.3509476634493], [[422, 201], 59.84577833727789, -6.506808646297252, 82.3826025246206]]}