{"name": "stim_3", "screen_size": [800, 1000], "tick": 184, "tick_samples": [184, 184, 183, 184, 181, 184, 183, 183, 184, 183, 183, 185, 184, 183, 184, 184, 184, 183, 183, 182, 185, 185, 183, 183, 183, 184, 184, 184, 182, 185, 184, 183, 184, 183, 184, 183, 184, 183, 184, 183, 184, 184, 183, 183, 184, 184, 183, 183, 183, 184, 183, 184, 184, 183, 184, 184, 185, 184, 184, 183, 183, 184, 185, 184, 184, 183, 183, 183, 184, 184, 184, 184, 184, 185, 185, 183, 182, 185, 184, 183, 184, 184, 184, 184, 183, 184, 185, 183, 184, 182, 182, 184, 182, 192, 183, 183, 184, 184, 185, 184], "objects": ["Ball", "Goal", "PlinkoBorder", "BottomBorder", "Container", "Container", "Container", "Container", "Container"], "ball_args": [[553.0, 175.8118295182497]], "goal_args": [[607.7850052759978, 816.9854660820727]], "container_args": [[[530, 650], 72.49316288442316, -13.357444545871594, 60.759731475039224], [[251, 538], 33.050893539914455, 17.57660999538108, 68.53838240055727], [[292, 335], 47.2718157786626, 5.339987075169548, 17.507651761876595], [[240, 687], 89.18527176894267, -9.881128100447164, 96.77865751619309], [[512, 874], 67.87774287681378, -6.010408817063051, 31.652529360438642]]}