{"name": "stim_5", "screen_size": [800, 1000], "tick": 172, "tick_samples": [171, 172, 171, 172, 171, 171, 172, 172, 171, 171, 171, 171, 171, 172, 172, 171, 172, 172, 172, 172, 171, 171, 172, 171, 171, 171, 172, 171, 172, 172, 172, 172, 172, 172, 172, 171, 172, 172, 172, 171, 172, 172, 172, 171, 172, 172, 172, 172, 171, 172, 172, 172, 171, 172, 171, 171, 172, 171, 172, 172, 172, 171, 171, 171, 172, 172, 173, 172, 172, 172, 172, 172, 172, 171, 171, 172, 172, 172, 171, 171, 172, 172, 171, 171, 172, 171, 171, 172, 171, 172, 171, 172, 172, 172, 172, 172, 172, 172, 172, 172], "objects": ["Ball", "Goal", "PlinkoBorder", "BottomBorder", "Container", "Container", "Container", "Container", "Container"], "ball_args": [[537.0, 133.24574362230905]], "goal_args": [[617.0, 361.59814095156975]], "container_args": [[[302, 555], 88.81320628002851, 2.072945008412986, 141.63367522753163], [[343, 331], 42.88536119425294, -3.6123107497127793, 4.189283101608382], [[252, 900], 76.57167990625615, 2.473436124539604, 57.10138155491404], [[375, 681], 52.20463081918339, 10.637511790564915, -57.994800320526224], [[252, 876], 57.13818191641505, -4.026565405172433, 202.676066319116]]}