{"name": "stim_5", "screen_size": [800, 1000], "tick": 172, "tick_samples": [171, 172, 171, 172, 171, 171, 172, 172, 171, 171, 171, 171, 171, 172, 172, 171, 172, 172, 172, 172, 171, 171, 172, 171, 171, 171, 172, 171, 172, 172, 172, 172, 172, 172, 172, 171, 172, 172, 172, 171, 172, 172, 172, 171, 172, 172, 172, 172, 171, 172, 172, 172, 171, 172, 171, 171, 172, 171, 172, 172, 172, 171, 171, 171, 172, 172, 173, 172, 172, 172, 172, 172, 172, 171, 171, 172, 172, 172, 171, 171, 172, 172, 171, 171, 172, 171, 171, 172, 171, 172, 171, 172, 172, 172, 172, 172, 172, 172, 172, 172], "objects": ["Ball", "Goal", "PlinkoBorder", "BottomBorder", "Container", "Container", "Container", "Container", "Container"], "ball_args": [[537.0, 133.24574362230905]], "goal_args": [[617.0, 564.4811187143367]], "container_args": [[[210, 623], 33.8090059802643, -2.9960507908651124, -65.78738966402987], [[270, 810], 96.46432322081235, 4.322430450460247, -80.13112839569476], [[273, 481], 34.34077047477636, -7.57524494686051, 82.53908526912788], [[243, 864], 82.81667045044549, -1.3341567100704292, -183.65205750871047], [[310, 772], 74.81366646266281, -6.12474760137564, 86.99961495473]]}