{"name": "stim_6", "screen_size": [800, 1000], "tick": 168, "tick_samples": [168, 169, 168, 169, 168, 168, 169, 169, 168, 168, 168, 168, 169, 169, 169, 168, 169, 169, 168, 168, 169, 170, 168, 168, 168, 169, 169, 168, 169, 168, 169, 168, 169, 169, 169, 168, 169, 168, 169, 168, 169, 168, 169, 169, 168, 168, 169, 169, 169, 168, 169, 168, 169, 168, 168, 168, 169, 169, 169, 169, 169, 168, 169, 169, 168, 169, 168, 168, 168, 169, 169, 169, 168, 169, 169, 169, 169, 169, 168, 169, 169, 169, 169, 169, 168, 169, 170, 168, 168, 169, 168, 169, 168, 168, 169, 169, 168, 169, 169, 168], "objects": ["Ball", "Goal", "PlinkoBorder", "BottomBorder", "Container", "Container", "Container", "Container", "Container"], "ball_args": [[196.0, 156.34451409449954]], "goal_args": [[116.0, 966.0]], "container_args": [[[594, 419], 72.3933641620726, 5.067078134701196, 29.380037730978945], [[511, 829], 76.56595521328056, -14.675341627913063, -81.18042013777347], [[325, 212], 52.81912508208915, -1.0039406223558507, 194.9339074148344], [[439, 392], 55.86820757796279, 0.2685817300209597, 30.282082076291147], [[336, 908], 96.84527871923571, 9.769641748587855, 45.19517393319784]]}