{"name": "stim_5", "screen_size": [800, 1000], "tick": 172, "tick_samples": [171, 172, 171, 172, 171, 171, 172, 172, 171, 171, 171, 171, 171, 172, 172, 171, 172, 172, 172, 172, 171, 171, 172, 171, 171, 171, 172, 171, 172, 172, 172, 172, 172, 172, 172, 171, 172, 172, 172, 171, 172, 172, 172, 171, 172, 172, 172, 172, 171, 172, 172, 172, 171, 172, 171, 171, 172, 171, 172, 172, 172, 171, 171, 171, 172, 172, 173, 172, 172, 172, 172, 172, 172, 171, 171, 172, 172, 172, 171, 171, 172, 172, 171, 171, 172, 171, 171, 172, 171, 172, 171, 172, 172, 172, 172, 172, 172, 172, 172, 172], "objects": ["Ball", "Goal", "PlinkoBorder", "BottomBorder", "Container", "Container", "Container", "Container", "Container"], "ball_args": [[537.0, 133.24574362230905]], "goal_args": [[457.0, 216.1101232542704]], "container_args": [[[256, 302], 89.29970285534026, -1.7052154443662544, 63.118193711048754], [[205, 394], 75.12215764997728, -5.523848967101185, 18.013007452520668], [[234, 887], 38.419585737828314, -4.7167631641109065, -5.047868295261438], [[264, 214], 63.692123150177444, 8.676699546431651, -205.66177907630694], [[318, 406], 74.86339836389732, 4.895842382147761, -90.31517446039457]]}