{"name": "stim_4", "screen_size": [800, 1000], "tick": 253, "tick_samples": [204, 252, 218, 253, 256, 251, 206, 218, 199, 198, 253, 218, 251, 253, 253, 237, 226, 252, 253, 252, 225, 205, 252, 253, 230, 218, 217, 249, 218, 255, 240, 222, 253, 201, 253, 200, 253, 239, 254, 219, 251, 236, 252, 219, 252, 227, 226, 252, 252, 207, 220, 253, 253, 251, 254, 253, 210, 252, 252, 253, 252, 215, 231, 252, 253, 253, 209, 216, 252, 223, 253, 253, 252, 226, 253, 240, 207, 215, 253, 252, 252, 239, 253, 254, 252, 253, 220, 253, 221, 251, 217, 253, 245, 253, 254, 251, 254, 203, 248, 253], "objects": ["Ball", "Goal", "PlinkoBorder", "BottomBorder", "Container", "Container", "Container", "Container", "Container"], "ball_args": [[600.0, 154.18800491422394]], "goal_args": [[465.6336557763862, 473.8230617646154]], "container_args": [[[600, 395], 82.00534890553584, -0.5174308550036631, -29.732848938633182], [[525, 548], 82.04060539636629, -12.80299099914485, -90.0200631497939], [[560, 933], 76.90486086960206, -6.404211211676745, -117.38345851467406], [[294, 360], 47.065169525039664, -1.0943824345698558, -17.929283585695888], [[236, 315], 73.26501188688914, 0.7387132269859302, 56.99570973053093]]}