{"name": "stim_1", "screen_size": [800, 1000], "tick": [306], "tick_samples": [305, 305, 305, 306, 305, 305, 306, 305, 305, 305, 305, 305, 305, 305, 305, 305, 305, 305, 306, 305, 305, 305, 306, 305, 306, 305, 306, 305, 305, 306, 305, 306, 305, 305, 306, 305, 305, 305, 305, 305, 305, 306, 305, 305, 305, 306, 305, 305, 305, 306, 305, 306, 306, 305, 305, 305, 305, 305, 305, 305, 305, 306, 305, 306, 305, 305, 305, 306, 305, 306, 306, 306, 305, 305, 305, 305, 305, 305, 305, 305, 305, 305, 305, 306, 305, 305, 305, 305, 306, 305, 306, 305, 305, 305, 305, 305, 305, 305, 306, 306], "objects": ["Ball", "Goal", "PlinkoBorder", "BottomBorder", "Container", "Container", "Container", "Container", "Container"], "ball_args": [[244.0, 72.67460652900655]], "goal_args": [[164.0, 408.06982995203714]], "container_args": [[[244, 664], 67.26472965801358, -13.613307815557674, -8.248627179165567], [[584, 494], 84.78846738561052, -0.1131148749999507, -38.49314200337216], [[505, 383], 68.07505634754204, -7.740229956375621, -65.61956759228444], [[569, 904], 99.72413684124203, -2.9737047015953824, -38.77457622705219], [[329, 710], 45.29091117040704, -7.105651802509442, -155.4006134402803]]}