{"name": "stim_5", "screen_size": [800, 1000], "tick": 172, "tick_samples": [171, 172, 171, 172, 171, 171, 172, 172, 171, 171, 171, 171, 171, 172, 172, 171, 172, 172, 172, 172, 171, 171, 172, 171, 171, 171, 172, 171, 172, 172, 172, 172, 172, 172, 172, 171, 172, 172, 172, 171, 172, 172, 172, 171, 172, 172, 172, 172, 171, 172, 172, 172, 171, 172, 171, 171, 172, 171, 172, 172, 172, 171, 171, 171, 172, 172, 173, 172, 172, 172, 172, 172, 172, 171, 171, 172, 172, 172, 171, 171, 172, 172, 171, 171, 172, 171, 171, 172, 171, 172, 171, 172, 172, 172, 172, 172, 172, 172, 172, 172], "objects": ["Ball", "Goal", "PlinkoBorder", "BottomBorder", "Container", "Container", "Container", "Container", "Container"], "ball_args": [[537.0, 133.24574362230905]], "goal_args": [[457.0, 736.4601375986695]], "container_args": [[[276, 723], 39.19842909225918, 12.518567673853738, 22.88084571873478], [[331, 723], 99.85961286699875, -22.211304901767814, -289.0973539770159], [[326, 396], 88.0250653972728, -9.442662261043933, -33.3660085021747], [[246, 869], 35.207428968719846, -9.303633819050708, -54.742566907935206], [[238, 738], 98.87237454104738, -4.823456029630096, -13.80222318138822]]}