{"name": "stim_5", "screen_size": [800, 1000], "tick": 172, "tick_samples": [171, 172, 171, 172, 171, 171, 172, 172, 171, 171, 171, 171, 171, 172, 172, 171, 172, 172, 172, 172, 171, 171, 172, 171, 171, 171, 172, 171, 172, 172, 172, 172, 172, 172, 172, 171, 172, 172, 172, 171, 172, 172, 172, 171, 172, 172, 172, 172, 171, 172, 172, 172, 171, 172, 171, 171, 172, 171, 172, 172, 172, 171, 171, 171, 172, 172, 173, 172, 172, 172, 172, 172, 172, 171, 171, 172, 172, 172, 171, 171, 172, 172, 171, 171, 172, 171, 171, 172, 171, 172, 171, 172, 172, 172, 172, 172, 172, 172, 172, 172], "objects": ["Ball", "Goal", "PlinkoBorder", "BottomBorder", "Container", "Container", "Container", "Container", "Container"], "ball_args": [[537.0, 133.24574362230905]], "goal_args": [[537.0, 966.0]], "container_args": [[[232, 803], 103, 8.568621094978203, 85.15267830553567], [[326, 206], 55, 1.1441830862291809, -126.85528558774261], [[364, 799], 42, -2.2690553078996825, 118.68062459539752], [[274, 616], 57, -0.5217197202250848, -108.0114943489839], [[268, 729], 109, -3.796552241039779, 41.82119936350086]]}