{"name": "stim_6", "screen_size": [800, 1000], "tick": 168, "tick_samples": [168, 169, 168, 169, 168, 168, 169, 169, 168, 168, 168, 168, 169, 169, 169, 168, 169, 169, 168, 168, 169, 170, 168, 168, 168, 169, 169, 168, 169, 168, 169, 168, 169, 169, 169, 168, 169, 168, 169, 168, 169, 168, 169, 169, 168, 168, 169, 169, 169, 168, 169, 168, 169, 168, 168, 168, 169, 169, 169, 169, 169, 168, 169, 169, 168, 169, 168, 168, 168, 169, 169, 169, 168, 169, 169, 169, 169, 169, 168, 169, 169, 169, 169, 169, 168, 169, 170, 168, 168, 169, 168, 169, 168, 168, 169, 169, 168, 169, 169, 168], "objects": ["Ball", "Goal", "PlinkoBorder", "BottomBorder", "Container", "Container", "Container", "Container", "Container"], "ball_args": [[196.0, 156.34451409449954]], "goal_args": [[116.0, 270.84113916298855]], "container_args": [[[600, 856], 54.91909596527614, -18.863601712538934, -75.16875638726873], [[508, 218], 35.79977474145923, -0.09398111229300068, 75.2418710795527], [[362, 248], 38.579973283652, 5.146696967394949, 190.15637642224837], [[398, 675], 79.41898864247932, -10.204361658851877, -64.25623929444107], [[444, 919], 85.66727982295221, 0.2534330722693627, 214.29350586626023]]}