{"name": "stim_1", "screen_size": [800, 1000], "tick": [306], "tick_samples": [305, 305, 305, 306, 305, 305, 306, 305, 305, 305, 305, 305, 305, 305, 305, 305, 305, 305, 306, 305, 305, 305, 306, 305, 306, 305, 306, 305, 305, 306, 305, 306, 305, 305, 306, 305, 305, 305, 305, 305, 305, 306, 305, 305, 305, 306, 305, 305, 305, 306, 305, 306, 306, 305, 305, 305, 305, 305, 305, 305, 305, 306, 305, 306, 305, 305, 305, 306, 305, 306, 306, 306, 305, 305, 305, 305, 305, 305, 305, 305, 305, 305, 305, 306, 305, 305, 305, 305, 306, 305, 306, 305, 305, 305, 305, 305, 305, 305, 306, 306], "objects": ["Ball", "Goal", "PlinkoBorder", "BottomBorder", "Container", "Container", "Container", "Container", "Container"], "ball_args": [[244.0, 72.67460652900655]], "goal_args": [[26.70676157523076, 726.3884670373043]], "container_args": [[[244, 664], 47.02387282029335, -13.613307815557674, -8.248627179165567], [[394, 456], 93.61351570074567, -7.660088592484713, 147.54062406753926], [[545, 553], 53.3586578062124, -4.657592243483206, 86.4066812161473], [[526, 537], 82.26320538132572, -14.061708118087296, -24.42800265929527], [[468, 646], 52.62157146904024, 10.192357660354308, -73.8075344407906]]}