{"name": "stim_4", "screen_size": [800, 1000], "tick": 253, "tick_samples": [204, 252, 218, 253, 256, 251, 206, 218, 199, 198, 253, 218, 251, 253, 253, 237, 226, 252, 253, 252, 225, 205, 252, 253, 230, 218, 217, 249, 218, 255, 240, 222, 253, 201, 253, 200, 253, 239, 254, 219, 251, 236, 252, 219, 252, 227, 226, 252, 252, 207, 220, 253, 253, 251, 254, 253, 210, 252, 252, 253, 252, 215, 231, 252, 253, 253, 209, 216, 252, 223, 253, 253, 252, 226, 253, 240, 207, 215, 253, 252, 252, 239, 253, 254, 252, 253, 220, 253, 221, 251, 217, 253, 245, 253, 254, 251, 254, 203, 248, 253], "objects": ["Ball", "Goal", "PlinkoBorder", "BottomBorder", "Container", "Container", "Container", "Container", "Container"], "ball_args": [[600.0, 154.18800491422394]], "goal_args": [[523.7549091247822, 355.84317487613396]], "container_args": [[[600, 395], 42.920348323749224, -0.5174308550036631, -29.732848938633182], [[589, 737], 106, 8.391546893917567, 140.603339581571], [[567, 204], 109, 6.012682349436177, 123.14113455902023], [[589, 592], 64, 0.5186673257922735, 37.839860950089324], [[220, 268], 88, 7.799645609543305, 44.83318845125613]]}