{"name": "stim_5", "screen_size": [800, 1000], "tick": 172, "tick_samples": [171, 172, 171, 172, 171, 171, 172, 172, 171, 171, 171, 171, 171, 172, 172, 171, 172, 172, 172, 172, 171, 171, 172, 171, 171, 171, 172, 171, 172, 172, 172, 172, 172, 172, 172, 171, 172, 172, 172, 171, 172, 172, 172, 171, 172, 172, 172, 172, 171, 172, 172, 172, 171, 172, 171, 171, 172, 171, 172, 172, 172, 171, 171, 171, 172, 172, 173, 172, 172, 172, 172, 172, 172, 171, 171, 172, 172, 172, 171, 171, 172, 172, 171, 171, 172, 171, 171, 172, 171, 172, 171, 172, 172, 172, 172, 172, 172, 172, 172, 172], "objects": ["Ball", "Goal", "PlinkoBorder", "BottomBorder", "Container", "Container", "Container", "Container", "Container"], "ball_args": [[537.0, 133.24574362230905]], "goal_args": [[537.0, 621.8964277081604]], "container_args": [[[200, 607], 79, 3.3021016287519607, -3.733341191673303], [[237, 532], 97, 4.361423350314732, 42.52641079108135], [[230, 375], 83, -8.34205871385728, 61.86109713007667], [[278, 648], 118, -4.261739849706954, 44.858577920347464], [[265, 811], 63, -1.3655297659123764, 35.39691339076915]]}