{"name": "stim_5", "screen_size": [800, 1000], "tick": 172, "tick_samples": [171, 172, 171, 172, 171, 171, 172, 172, 171, 171, 171, 171, 171, 172, 172, 171, 172, 172, 172, 172, 171, 171, 172, 171, 171, 171, 172, 171, 172, 172, 172, 172, 172, 172, 172, 171, 172, 172, 172, 171, 172, 172, 172, 171, 172, 172, 172, 172, 171, 172, 172, 172, 171, 172, 171, 171, 172, 171, 172, 172, 172, 171, 171, 171, 172, 172, 173, 172, 172, 172, 172, 172, 172, 171, 171, 172, 172, 172, 171, 171, 172, 172, 171, 171, 172, 171, 171, 172, 171, 172, 171, 172, 172, 172, 172, 172, 172, 172, 172, 172], "objects": ["Ball", "Goal", "PlinkoBorder", "BottomBorder", "Container", "Container", "Container", "Container", "Container"], "ball_args": [[537.0, 133.24574362230905]], "goal_args": [[617.0, 800.0416253286006]], "container_args": [[[220, 777], 81.25925642874654, 10.378498507442636, 62.15864773676369], [[292, 835], 78.86624066096498, 3.1819294121678703, 164.02149597164788], [[252, 939], 59.193385784340634, -2.4204255769466276, -64.88985352877371], [[310, 322], 88.28607764783257, -0.7454620739508899, 14.55235041776171], [[264, 526], 81.60304944026154, -4.804243822266714, -65.18898714857181]]}