{"name": "stim_1", "screen_size": [800, 1000], "tick": [306], "tick_samples": [305, 305, 305, 306, 305, 305, 306, 305, 305, 305, 305, 305, 305, 305, 305, 305, 305, 305, 306, 305, 305, 305, 306, 305, 306, 305, 306, 305, 305, 306, 305, 306, 305, 305, 306, 305, 305, 305, 305, 305, 305, 306, 305, 305, 305, 306, 305, 305, 305, 306, 305, 306, 306, 305, 305, 305, 305, 305, 305, 305, 305, 306, 305, 306, 305, 305, 305, 306, 305, 306, 306, 306, 305, 305, 305, 305, 305, 305, 305, 305, 305, 305, 305, 306, 305, 305, 305, 305, 306, 305, 306, 305, 305, 305, 305, 305, 305, 305, 306, 306], "objects": ["Ball", "Goal", "PlinkoBorder", "BottomBorder", "Container", "Container", "Container", "Container", "Container"], "ball_args": [[244.0, 72.67460652900655]], "goal_args": [[164.0, 155.53898616096785]], "container_args": [[[244, 664], 71.10955323376521, -13.613307815557674, -8.248627179165567], [[487, 352], 88.22353855537406, -10.447570439301812, 82.93437989614323], [[318, 780], 91.2798063730574, 12.519951504493491, -129.1898215578372], [[477, 680], 81.84750814945825, -10.563992241421483, -205.51085668351877], [[517, 307], 49.40320101595255, 12.233277415520664, 4.267283967557621]]}