{"name": "stim_5", "screen_size": [800, 1000], "tick": 172, "tick_samples": [171, 172, 171, 172, 171, 171, 172, 172, 171, 171, 171, 171, 171, 172, 172, 171, 172, 172, 172, 172, 171, 171, 172, 171, 171, 171, 172, 171, 172, 172, 172, 172, 172, 172, 172, 171, 172, 172, 172, 171, 172, 172, 172, 171, 172, 172, 172, 172, 171, 172, 172, 172, 171, 172, 171, 171, 172, 171, 172, 172, 172, 171, 171, 171, 172, 172, 173, 172, 172, 172, 172, 172, 172, 171, 171, 172, 172, 172, 171, 171, 172, 172, 171, 171, 172, 171, 171, 172, 171, 172, 171, 172, 172, 172, 172, 172, 172, 172, 172, 172], "objects": ["Ball", "Goal", "PlinkoBorder", "BottomBorder", "Container", "Container", "Container", "Container", "Container"], "ball_args": [[537.0, 133.24574362230905]], "goal_args": [[457.0, 283.56693767498496]], "container_args": [[[342, 588], 30.075457156223592, 0.05336337642167389, -178.9783621175863], [[306, 544], 92.58667401231858, 0.7240461448305027, -29.752969231417833], [[372, 280], 98.71510155655203, 0.853737551462827, 198.54069820115618], [[220, 257], 56.96576560536886, 1.7894426925694173, 28.542648549197946], [[284, 646], 68.14978787763604, 2.0633120785877077, 71.71921529127479]]}