{"name": "stim_1", "screen_size": [800, 1000], "tick": [306], "tick_samples": [305, 305, 305, 306, 305, 305, 306, 305, 305, 305, 305, 305, 305, 305, 305, 305, 305, 305, 306, 305, 305, 305, 306, 305, 306, 305, 306, 305, 305, 306, 305, 306, 305, 305, 306, 305, 305, 305, 305, 305, 305, 306, 305, 305, 305, 306, 305, 305, 305, 306, 305, 306, 306, 305, 305, 305, 305, 305, 305, 305, 305, 306, 305, 306, 305, 305, 305, 306, 305, 306, 306, 306, 305, 305, 305, 305, 305, 305, 305, 305, 305, 305, 305, 306, 305, 305, 305, 305, 306, 305, 306, 305, 305, 305, 305, 305, 305, 305, 306, 306], "objects": ["Ball", "Goal", "PlinkoBorder", "BottomBorder", "Container", "Container", "Container", "Container", "Container"], "ball_args": [[244.0, 72.67460652900655]], "goal_args": [[244.0, 311.0296752014171]], "container_args": [[[244, 664], 32.826727137412185, -13.613307815557674, -8.248627179165567], [[495, 770], 86, 5.002785024939027, 83.64721362813715], [[398, 931], 71, -14.726620945455174, -67.11382320445954], [[313, 837], 113, 15.431933739498518, 73.79711776438924], [[358, 876], 42, 0.8762767166342318, -48.853119209261614]]}