{"name": "stim_1", "screen_size": [800, 1000], "tick": [306], "tick_samples": [305, 305, 305, 306, 305, 305, 306, 305, 305, 305, 305, 305, 305, 305, 305, 305, 305, 305, 306, 305, 305, 305, 306, 305, 306, 305, 306, 305, 305, 306, 305, 306, 305, 305, 306, 305, 305, 305, 305, 305, 305, 306, 305, 305, 305, 306, 305, 305, 305, 306, 305, 306, 306, 305, 305, 305, 305, 305, 305, 305, 305, 306, 305, 306, 305, 305, 305, 306, 305, 306, 306, 306, 305, 305, 305, 305, 305, 305, 305, 305, 305, 305, 305, 306, 305, 305, 305, 305, 306, 305, 306, 305, 305, 305, 305, 305, 305, 305, 306, 306], "objects": ["Ball", "Goal", "PlinkoBorder", "BottomBorder", "Container", "Container", "Container", "Container", "Container"], "ball_args": [[244.0, 72.67460652900655]], "goal_args": [[164.0, 222.9958005816824]], "container_args": [[[244, 664], 60.10682256185622, -13.613307815557674, -8.248627179165567], [[273, 852], 78.50865370515507, 10.486262384525528, -60.047059365441406], [[501, 263], 69.15247347779594, -7.725766797011264, 56.47597490170591], [[547, 666], 33.347062070170594, 5.874115138410367, 126.03793647273372], [[389, 785], 88.24748440495031, 5.964451493609605, -10.10371229110807]]}