{"name": "stim_3", "screen_size": [800, 1000], "tick": 184, "tick_samples": [184, 184, 183, 184, 181, 184, 183, 183, 184, 183, 183, 185, 184, 183, 184, 184, 184, 183, 183, 182, 185, 185, 183, 183, 183, 184, 184, 184, 182, 185, 184, 183, 184, 183, 184, 183, 184, 183, 184, 183, 184, 184, 183, 183, 184, 184, 183, 183, 183, 184, 183, 184, 184, 183, 184, 184, 185, 184, 184, 183, 183, 184, 185, 184, 184, 183, 183, 183, 184, 184, 184, 184, 184, 185, 185, 183, 182, 185, 184, 183, 184, 184, 184, 184, 183, 184, 185, 183, 184, 182, 182, 184, 182, 192, 183, 183, 184, 184, 185, 184], "objects": ["Ball", "Goal", "PlinkoBorder", "BottomBorder", "Container", "Container", "Container", "Container", "Container"], "ball_args": [[553.0, 175.8118295182497]], "goal_args": [[473.0, 375.16270316946293]], "container_args": [[[530, 650], 67.20438394054314, -13.357444545871594, 60.759731475039224], [[310, 269], 78.787850566508, 15.672907641451646, 62.35166100410176], [[540, 885], 77.8525911322237, -4.468454780574177, -19.216924191800306], [[317, 719], 65.72706769031731, -0.40667595357575975, -39.96040039642557], [[299, 457], 84.44470867372428, 2.6676958363640995, 143.23985144085466]]}