{"name": "stim_4", "screen_size": [800, 1000], "tick": 253, "tick_samples": [204, 252, 218, 253, 256, 251, 206, 218, 199, 198, 253, 218, 251, 253, 253, 237, 226, 252, 253, 252, 225, 205, 252, 253, 230, 218, 217, 249, 218, 255, 240, 222, 253, 201, 253, 200, 253, 239, 254, 219, 251, 236, 252, 219, 252, 227, 226, 252, 252, 207, 220, 253, 253, 251, 254, 253, 210, 252, 252, 253, 252, 215, 231, 252, 253, 253, 209, 216, 252, 223, 253, 253, 252, 226, 253, 240, 207, 215, 253, 252, 252, 239, 253, 254, 252, 253, 220, 253, 221, 251, 217, 253, 245, 253, 254, 251, 254, 203, 248, 253], "objects": ["Ball", "Goal", "PlinkoBorder", "BottomBorder", "Container", "Container", "Container", "Container", "Container"], "ball_args": [[600.0, 154.18800491422394]], "goal_args": [[396.10398808306053, 673.9098370893978]], "container_args": [[[600, 395], 64.6454856585578, -0.5174308550036631, -29.732848938633182], [[297, 227], 38.32938226664611, 16.426948314663676, -15.167139113020244], [[315, 321], 68.88306152928222, 1.2351451711374812, 22.321382277641238], [[554, 604], 75.00236632968915, 8.761533324682025, -56.0037959349022], [[572, 787], 53.16289758541742, 2.268458412433994, 87.09539896964286]]}