{"name": "stim_3", "screen_size": [800, 1000], "tick": 184, "tick_samples": [184, 184, 183, 184, 181, 184, 183, 183, 184, 183, 183, 185, 184, 183, 184, 184, 184, 183, 183, 182, 185, 185, 183, 183, 183, 184, 184, 184, 182, 185, 184, 183, 184, 183, 184, 183, 184, 183, 184, 183, 184, 184, 183, 183, 184, 184, 183, 183, 183, 184, 183, 184, 184, 183, 184, 184, 185, 184, 184, 183, 183, 184, 185, 184, 184, 183, 183, 183, 184, 184, 184, 184, 184, 185, 185, 183, 182, 185, 184, 183, 184, 184, 184, 184, 183, 184, 185, 183, 184, 182, 182, 184, 182, 192, 183, 183, 184, 184, 185, 184], "objects": ["Ball", "Goal", "PlinkoBorder", "BottomBorder", "Container", "Container", "Container", "Container", "Container"], "ball_args": [[553.0, 175.8118295182497]], "goal_args": [[633.0, 330.3586574637513]], "container_args": [[[530, 650], 55.945737053790765, -13.357444545871594, 60.759731475039224], [[429, 936], 82.02698877792321, 8.91903908259547, -18.56514732212041], [[212, 677], 98.34090004625928, 3.3169826281384402, -207.38010702816305], [[384, 821], 54.98876800155066, 6.421663874889877, 91.08903020198429], [[340, 813], 39.87149650411438, 1.5236390094800139, 122.61347884460059]]}