{"name": "stim_4", "screen_size": [800, 1000], "tick": 253, "tick_samples": [204, 252, 218, 253, 256, 251, 206, 218, 199, 198, 253, 218, 251, 253, 253, 237, 226, 252, 253, 252, 225, 205, 252, 253, 230, 218, 217, 249, 218, 255, 240, 222, 253, 201, 253, 200, 253, 239, 254, 219, 251, 236, 252, 219, 252, 227, 226, 252, 252, 207, 220, 253, 253, 251, 254, 253, 210, 252, 252, 253, 252, 215, 231, 252, 253, 253, 209, 216, 252, 223, 253, 253, 252, 226, 253, 240, 207, 215, 253, 252, 252, 239, 253, 254, 252, 253, 220, 253, 221, 251, 217, 253, 245, 253, 254, 251, 254, 203, 248, 253], "objects": ["Ball", "Goal", "PlinkoBorder", "BottomBorder", "Container", "Container", "Container", "Container", "Container"], "ball_args": [[600.0, 154.18800491422394]], "goal_args": [[334.9104882690089, 425.7946773517376]], "container_args": [[[600, 395], 82.00762049586336, -0.5174308550036631, -29.732848938633182], [[241, 329], 37.83667806185146, -1.074858690754174, 6.3448668913974275], [[473, 725], 98.13487673227313, 2.7583104286923947, 86.96747038497068], [[316, 325], 63.872478589154895, 3.6967821361761284, 25.274456051885057], [[540, 560], 48.4049711519548, 3.8622806329857964, -20.722153220748456]]}