{"name": "stim_4", "screen_size": [800, 1000], "tick": 253, "tick_samples": [204, 252, 218, 253, 256, 251, 206, 218, 199, 198, 253, 218, 251, 253, 253, 237, 226, 252, 253, 252, 225, 205, 252, 253, 230, 218, 217, 249, 218, 255, 240, 222, 253, 201, 253, 200, 253, 239, 254, 219, 251, 236, 252, 219, 252, 227, 226, 252, 252, 207, 220, 253, 253, 251, 254, 253, 210, 252, 252, 253, 252, 215, 231, 252, 253, 253, 209, 216, 252, 223, 253, 253, 252, 226, 253, 240, 207, 215, 253, 252, 252, 239, 253, 254, 252, 253, 220, 253, 221, 251, 217, 253, 245, 253, 254, 251, 254, 203, 248, 253], "objects": ["Ball", "Goal", "PlinkoBorder", "BottomBorder", "Container", "Container", "Container", "Container", "Container"], "ball_args": [[600.0, 154.18800491422394]], "goal_args": [[300.2479675718644, 366.4467018519161]], "container_args": [[[600, 395], 77.61783873793237, -0.5174308550036631, -29.732848938633182], [[505, 923], 94.65578158410992, -10.555311787680772, 62.061123034030416], [[567, 488], 36.949490498342655, -18.759276408499808, -27.76783326450934], [[328, 302], 92.62668033139406, 4.37153003865983, -34.71874299649116], [[542, 910], 65.31789354627375, -4.028833960752717, 121.4359136900675]]}