{"name": "stim_5", "screen_size": [800, 1000], "tick": 172, "tick_samples": [171, 172, 171, 172, 171, 171, 172, 172, 171, 171, 171, 171, 171, 172, 172, 171, 172, 172, 172, 172, 171, 171, 172, 171, 171, 171, 172, 171, 172, 172, 172, 172, 172, 172, 172, 171, 172, 172, 172, 171, 172, 172, 172, 171, 172, 172, 172, 172, 171, 172, 172, 172, 171, 172, 171, 171, 172, 171, 172, 172, 172, 171, 171, 171, 172, 172, 173, 172, 172, 172, 172, 172, 172, 171, 171, 172, 172, 172, 171, 171, 172, 172, 171, 171, 172, 171, 171, 172, 171, 172, 171, 172, 172, 172, 172, 172, 172, 172, 172, 172], "objects": ["Ball", "Goal", "PlinkoBorder", "BottomBorder", "Container", "Container", "Container", "Container", "Container"], "ball_args": [[537.0, 133.24574362230905]], "goal_args": [[617.0, 457.26621175054595]], "container_args": [[[222, 599], 87.63931055155459, 9.456973874096978, 55.61833293852934], [[345, 584], 55.83967378345832, 1.6559581026127381, 14.345846156660054], [[317, 467], 93.80673056770931, 7.683832873273029, -79.23105606053754], [[236, 205], 39.81377400214173, -18.56955574434418, 50.13326059926407], [[225, 922], 48.97661475983704, 3.9005024682342233, -64.10563544188813]]}