{"name": "high_yes4", "collision_prob": 0.99, "collision": true, "screen_size": [800, 1000], "tick": 569, "objects": ["Ball", "Goal", "Container", "Container", "Container", "Container", "Container"], "object_params": [[[537.7430177411269, 100]], [[619.2531998972196, 1000]], [[502, 637], 77, -13.670691157957249, -20.766438249928274], [[370, 476], 40, -11.113913970319755, 190.2120348078496], [[265, 685], 74, 0.8675187458525359, 216.91551748449896], [[286, 515], 62, -2.28596577395404, 20.89449754568181], [[442, 650], 62, 4.3777529412357525, 183.74706951323668]]}