{"name": "high_no6", "collision_prob": 0.03, "collision": true, "screen_size": [800, 1000], "tick": 529, "objects": ["Ball", "Goal", "Container", "Container", "Container", "Container", "Container"], "object_params": [[[490.9426841260006, 100]], [[399.93681068234196, 1000]], [[492, 734], 76, -8.633264018378547, -169.16031084411586], [[354, 499], 43, -4.4160257686926006, -95.18394381397809], [[477, 406], 53, -7.662732467064125, -29.742457646557373], [[534, 668], 53, 0.9399976101383762, -56.96430383073712], [[246, 795], 77, 12.655636234426485, -56.46407244917586]]}