{"name": "high_no11", "collision_prob": 0.0, "collision": false, "screen_size": [800, 1000], "tick": 437, "objects": ["Ball", "Goal", "Container", "Container", "Container", "Container", "Container"], "object_params": [[[458.9546042112215, 100]], [[292.9962082605466, 1000]], [[425, 447], 43, -4.440829674411207, -23.510662563575362], [[301, 450], 64, -0.34331757795882606, 61.60933379988894], [[510, 414], 52, 21.888623866515257, -126.12066796444832], [[369, 754], 73, 3.612090592903079, -28.223458450994894], [[361, 770], 57, -3.178354719671842, -45.5410713067234]]}