{"name": "high_yes6", "collision_prob": 0.92, "collision": true, "screen_size": [800, 1000], "tick": 419, "objects": ["Ball", "Goal", "Container", "Container", "Container", "Container", "Container"], "object_params": [[[297.3908118152484, 100]], [[243.55304854367728, 1000]], [[523, 627], 73, 9.292740228629874, -157.57728159547923], [[380, 636], 40, 2.4959859309171657, 11.664684818319365], [[582, 230], 75, 21.678735244961885, 167.13531960318417], [[514, 380], 73, 3.2322894996768294, -94.78822426388578], [[390, 508], 43, -6.164138013226403, 8.58238810107765]]}