{"name": "high_yes7", "collision_prob": 0.99, "collision": true, "screen_size": [800, 1000], "tick": 478, "objects": ["Ball", "Goal", "Container", "Container", "Container", "Container", "Container"], "object_params": [[[153.86270556565896, 100]], [[112.32857849597814, 1000]], [[427, 557], 76, -24.042787243226176, -35.45139440744564], [[447, 676], 49, 0.49417926693843894, 128.32358479125182], [[373, 331], 50, -1.2158590907565001, 106.33266698625337], [[298, 613], 50, -1.1441189921216635, -15.82213936372421], [[336, 790], 45, -9.919438702247218, 69.63945956840827]]}