{"name": "high_no1", "collision_prob": 0.0, "collision": false, "screen_size": [800, 1000], "tick": 483, "objects": ["Ball", "Goal", "Container", "Container", "Container", "Container", "Container"], "object_params": [[[539.4678895271983, 100]], [[481.9216149790925, 1000]], [[497, 641], 74, -8.850065947676416, -67.26608543677058], [[414, 762], 70, 7.933237834501573, 106.82301111719099], [[597, 428], 54, 0.2743329758989441, 3.116591788009929], [[583, 737], 77, 6.043477908970165, 10.501634022904467], [[538, 577], 58, -3.860974987660125, 43.950855046787225]]}