{"name": "high_no2", "collision_prob": 0.0, "collision": false, "screen_size": [800, 1000], "tick": 403, "objects": ["Ball", "Goal", "Container", "Container", "Container", "Container", "Container"], "object_params": [[[351.79886339159594, 100]], [[271.22725384149896, 1000]], [[256, 466], 65, -3.9738188857634533, 111.5803916957262], [[294, 367], 79, 0.7252736187225785, -32.65742467020201], [[437, 489], 70, -14.174149060585954, -47.38528138050597], [[508, 740], 50, 0.4232729095758282, -192.80317092527935], [[528, 465], 44, 4.910757941654369, 46.16992787219567]]}