{"name": "high_yes2", "collision_prob": 1.0, "collision": true, "screen_size": [800, 1000], "tick": 492, "objects": ["Ball", "Goal", "Container", "Container", "Container", "Container", "Container"], "object_params": [[[319.7697028345311, 100]], [[341.3967716980724, 1000]], [[236, 585], 41, -7.587284930832272, -7.075061351149008], [[561, 706], 43, 5.63423495257731, -62.64475213422074], [[340, 656], 74, 0.9148824136811511, 15.01755225546402], [[542, 357], 41, -5.6341984505717955, 61.80972595814117], [[499, 348], 49, -15.028745246076818, -6.293123981457589]]}