{"name": "high_no13", "collision_prob": 0.0, "collision": false, "screen_size": [800, 1000], "tick": 446, "objects": ["Ball", "Goal", "Container", "Container", "Container", "Container", "Container"], "object_params": [[[436.1841573821059, 100]], [[577.3357644760888, 1000]], [[267, 759], 45, -13.512863756500156, -136.5020107747548], [[272, 339], 47, 6.189965917539515, 58.20223724332948], [[255, 255], 44, 12.45656786562089, 152.02119007927885], [[247, 788], 67, 4.161561142230415, -40.9655247350946], [[428, 227], 71, 18.901444488116287, 191.47699595128876]]}