{"name": "high_no4", "collision_prob": 0.0, "collision": false, "screen_size": [800, 1000], "tick": 418, "objects": ["Ball", "Goal", "Container", "Container", "Container", "Container", "Container"], "object_params": [[[467.90341272583436, 100]], [[410.53309375508235, 1000]], [[345, 538], 79, 2.393481093344538, -27.04398312006775], [[489, 719], 65, 4.362806414204576, 12.98137827883522], [[414, 783], 70, 3.8663307150764266, 206.53637250402642], [[303, 677], 79, -0.5063178074768343, -57.59988737008067], [[370, 577], 48, -13.299814276927108, 9.719489417981784]]}