{"name": "high_yes1", "collision_prob": 0.91, "collision": true, "screen_size": [800, 1000], "tick": 401, "objects": ["Ball", "Goal", "Container", "Container", "Container", "Container", "Container"], "object_params": [[[523.1936522142895, 100]], [[723.0730271140479, 1000]], [[423, 616], 65, -0.6916672830070593, -105.11913640698454], [[547, 498], 74, 4.734107658258741, -63.26023751998786], [[593, 564], 61, 13.284663966831884, 123.01774578425649], [[266, 695], 52, -5.433527392941557, 163.07371559326631], [[265, 262], 66, 23.247520050482017, -122.75658221647407]]}