{"name": "high_no3", "collision_prob": 0.0, "collision": false, "screen_size": [800, 1000], "tick": 452, "objects": ["Ball", "Goal", "Container", "Container", "Container", "Container", "Container"], "object_params": [[[401.0974954878345, 100]], [[441.876294702327, 1000]], [[316, 220], 44, 7.100611228837441, -69.79605388571744], [[432, 378], 62, -8.748392286217676, 11.243660574454006], [[564, 561], 64, 12.367022946549913, 18.889800997028427], [[539, 699], 69, 27.01283934889527, 104.60098719071142], [[267, 398], 72, 25.381364914091268, 12.090134986605516]]}