{"name": "high_yes8", "collision_prob": 1.0, "collision": true, "screen_size": [800, 1000], "tick": 440, "objects": ["Ball", "Goal", "Container", "Container", "Container", "Container", "Container"], "object_params": [[[156.90498184707306, 100]], [[126.0057985379346, 1000]], [[453, 620], 56, -1.5717819895125071, -70.68434042330951], [[287, 375], 77, 4.280330659376871, -16.003962040509364], [[348, 219], 61, -0.4405263182363853, -50.941472456673104], [[478, 290], 55, 3.635590435495301, -8.067742344422872], [[407, 333], 52, -1.2017475094846302, 14.800432371423252]]}