{"name": "high_yes9", "collision_prob": 0.97, "collision": true, "screen_size": [800, 1000], "tick": 453, "objects": ["Ball", "Goal", "Container", "Container", "Container", "Container", "Container"], "object_params": [[[200.66141517370505, 100]], [[148.65757560401534, 1000]], [[431, 386], 56, 2.7731974276183524, 35.98656486532805], [[481, 208], 60, -4.038872004457719, -94.97379938611685], [[454, 331], 51, 1.373195938570154, 55.394968808530216], [[474, 431], 60, -0.24945478364441287, -20.599548791641432], [[427, 786], 71, 18.31669003661283, 87.75455656896483]]}