{"name": "high_no5", "collision_prob": 0.0, "collision": false, "screen_size": [800, 1000], "tick": 418, "objects": ["Ball", "Goal", "Container", "Container", "Container", "Container", "Container"], "object_params": [[[293.0112376744409, 100]], [[365.85606428886433, 1000]], [[355, 744], 48, 1.1439187631863041, -155.03060099705817], [[319, 776], 52, -1.0203154978715196, -123.87734967031982], [[478, 230], 49, 5.491989880250115, -134.06821782931002], [[275, 538], 73, 7.024283413437917, -87.11469207350744], [[287, 389], 70, -1.649685410092494, 86.32393413802082]]}