{"name": "high_no10", "collision_prob": 0.0, "collision": false, "screen_size": [800, 1000], "tick": 566, "objects": ["Ball", "Goal", "Container", "Container", "Container", "Container", "Container"], "object_params": [[[453.36642636832136, 100]], [[385.0501602564534, 1000]], [[362, 536], 67, 2.8190300755720568, -7.442507701308367], [[509, 475], 70, -10.277008340634685, -207.5142750408417], [[552, 315], 43, 14.146573812528178, -39.5201073023896], [[299, 684], 79, -3.504515910357146, -74.60595834268999], [[407, 426], 70, -29.151796932322252, -29.11455031342961]]}