{"name": "high_no12", "collision_prob": 0.0, "collision": false, "screen_size": [800, 1000], "tick": 487, "objects": ["Ball", "Goal", "Container", "Container", "Container", "Container", "Container"], "object_params": [[[374.61416146227094, 100]], [[428.25697224147603, 1000]], [[365, 705], 72, 2.944310612886929, 102.59734171424805], [[440, 662], 54, 16.632726131521643, 50.64705400860499], [[540, 229], 46, -10.314246393331102, 19.11994035903237], [[535, 258], 79, -13.45123889886713, 150.52987744471147], [[563, 570], 50, 8.126306908925706, 127.26590390625555]]}