{"name": "high_yes12", "collision_prob": 1.0, "collision": true, "screen_size": [800, 1000], "tick": 436, "objects": ["Ball", "Goal", "Container", "Container", "Container", "Container", "Container"], "object_params": [[[134.1336702224776, 100]], [[87.82095323677137, 1000]], [[432, 750], 40, -10.220922883817938, -60.47616813826547], [[546, 328], 48, -8.435554464661276, 1.558542712510458], [[334, 499], 78, 7.664862417079322, -182.13760803989916], [[589, 616], 74, -5.103090062074203, 61.17579062453711], [[568, 500], 48, -4.913932001468478, -161.89489960059137]]}