{"name": "high_yes3", "collision_prob": 0.95, "collision": true, "screen_size": [800, 1000], "tick": 412, "objects": ["Ball", "Goal", "Container", "Container", "Container", "Container", "Container"], "object_params": [[[519.2650527382174, 100]], [[597.3241199443976, 1000]], [[550, 625], 74, -2.117822318067344, -27.28335613032051], [[326, 667], 68, -13.198197731253028, 72.00548647020359], [[382, 613], 77, -20.536603429712894, 67.20334154560135], [[416, 328], 51, 9.888640731563747, -95.65996194660033], [[332, 514], 62, 14.445275161632727, -84.32222260578904]]}