{"name": "high_yes10", "collision_prob": 0.93, "collision": true, "screen_size": [800, 1000], "tick": 549, "objects": ["Ball", "Goal", "Container", "Container", "Container", "Container", "Container"], "object_params": [[[336.7689123564056, 100]], [[241.87709302608653, 1000]], [[321, 470], 76, 7.411530549424709, 19.044812647727714], [[531, 574], 60, 12.93015470468298, -97.31521504516806], [[543, 718], 41, -3.916494341018444, 163.1538658543395], [[531, 433], 66, 3.2365784358631573, 1.4891569731800192], [[559, 698], 44, -8.274356746824106, 278.80054500347217]]}