{"name": "high_no8", "collision_prob": 0.0, "collision": false, "screen_size": [800, 1000], "tick": 561, "objects": ["Ball", "Goal", "Container", "Container", "Container", "Container", "Container"], "object_params": [[[380.36175113529833, 100]], [[531.6545537051055, 1000]], [[253, 375], 42, -23.344139394633725, 88.06737069672087], [[381, 244], 72, -1.9951681049003303, 3.470761894311555], [[355, 324], 64, -20.783316130042294, 35.22017250771049], [[536, 534], 78, -16.07086089714948, 41.218176816377635], [[379, 772], 43, -11.206757022084323, -19.96521882375112]]}