{"name": "high_yes11", "collision_prob": 0.91, "collision": true, "screen_size": [800, 1000], "tick": 414, "objects": ["Ball", "Goal", "Container", "Container", "Container", "Container", "Container"], "object_params": [[[287.8713521515724, 100]], [[273.70771205164215, 1000]], [[535, 476], 72, 6.615624827442437, -83.72920763345816], [[365, 233], 64, -10.371497554379133, 76.10482797761865], [[429, 615], 77, 3.6958623668207933, -11.707561156527815], [[457, 429], 53, -6.134947265554209, 86.15129655226886], [[512, 284], 50, -0.74928194227378, -15.168123138124772]]}