{"name": "high_yes13", "collision_prob": 0.97, "collision": true, "screen_size": [800, 1000], "tick": 462, "objects": ["Ball", "Goal", "Container", "Container", "Container", "Container", "Container"], "object_params": [[[276.565613700779, 100]], [[279.15498333502495, 1000]], [[339, 545], 53, 14.8731186615675, -137.32633281078432], [[226, 428], 60, 6.556401371753796, -146.89038589401454], [[427, 285], 56, 0.5398057330737609, -47.81739566022582], [[475, 605], 55, 18.122973792530868, -81.4373747900973], [[540, 624], 48, -4.0467002936497, 36.29570709368769]]}