{"name": "high_no7", "collision_prob": 0.0, "collision": false, "screen_size": [800, 1000], "tick": 418, "objects": ["Ball", "Goal", "Container", "Container", "Container", "Container", "Container"], "object_params": [[[475.5049623305424, 100]], [[673.2903984695675, 1000]], [[582, 691], 48, 9.712268073873032, -185.04469078226762], [[445, 341], 77, -9.124650283723541, 148.12698957542392], [[576, 287], 42, -0.059191331628658125, 270.616619926837], [[540, 344], 68, -29.38665536556528, -49.922966607692835], [[565, 654], 79, 1.155334674982049, 77.10016182084946]]}