{"name": "high_yes14", "collision_prob": 0.92, "collision": true, "screen_size": [800, 1000], "tick": 543, "objects": ["Ball", "Goal", "Container", "Container", "Container", "Container", "Container"], "object_params": [[[390.08072852759614, 100]], [[365.06322004114816, 1000]], [[590, 791], 69, 7.525215144431562, -66.30224429531387], [[591, 372], 49, -12.446072225317891, 66.38545789823552], [[302, 631], 47, 3.989530726310932, -139.79008489192333], [[467, 277], 43, -0.04269752887279051, 187.05851082713514], [[211, 507], 52, 4.280464609961284, 98.92409081437742]]}