{"name": "high_no0", "collision_prob": 0.08, "collision": true, "screen_size": [800, 1000], "tick": 419, "objects": ["Ball", "Goal", "Container", "Container", "Container", "Container", "Container"], "object_params": [[[680.7994966171605, 100]], [[587.8183593009398, 1000]], [[508, 612], 72, 0.6338252145763221, -90.59204018758032], [[572, 264], 63, -13.415059608195216, -42.16780744021466], [[529, 414], 57, -1.9863141078307933, 247.72314540512252], [[346, 616], 55, 3.0077148647730416, -88.55389461514463], [[418, 385], 58, -15.546476442478026, -84.90641704490412]]}