{"name": "high_no14", "collision_prob": 0.0, "collision": false, "screen_size": [800, 1000], "tick": 505, "objects": ["Ball", "Goal", "Container", "Container", "Container", "Container", "Container"], "object_params": [[[388.3058550043823, 100]], [[316.9730248038524, 1000]], [[481, 311], 42, -7.615791990395893, -51.29899167198197], [[422, 557], 69, 8.589821832087216, -25.231495256631042], [[303, 339], 73, -5.384208073465187, -10.911830004756162], [[299, 531], 54, 10.140996115343587, -183.25580732070748], [[491, 478], 73, -3.758236935690553, 61.783749233897]]}