{"name": "high_no9", "collision_prob": 0.0, "collision": false, "screen_size": [800, 1000], "tick": 503, "objects": ["Ball", "Goal", "Container", "Container", "Container", "Container", "Container"], "object_params": [[[376.77444420884893, 100]], [[378.130790179769, 1000]], [[433, 512], 77, 12.072714092780224, 4.992357457216099], [[434, 718], 66, -0.13762948806013775, -167.27920136510454], [[458, 322], 55, 19.00612053319722, 55.89746135589719], [[494, 285], 43, -12.889496964415862, -205.93569807055152], [[406, 723], 69, -8.136002350552605, 39.67387962744258]]}