{"name": "high_yes5", "collision_prob": 0.97, "collision": true, "screen_size": [800, 1000], "tick": 592, "objects": ["Ball", "Goal", "Container", "Container", "Container", "Container", "Container"], "object_params": [[[404.8643454282728, 100]], [[457.4926316883381, 1000]], [[500, 281], 43, 2.9860078618218933, -55.03238695461193], [[268, 519], 50, -1.4090933732675603, 82.45910705786504], [[565, 333], 50, -5.157386957231101, -4.1987277032015635], [[225, 316], 55, -10.00012132332567, -31.474961345071325], [[326, 293], 69, 13.884902336467215, -178.23417985174137]]}