{"name": "high_yes0", "collision_prob": 0.98, "collision": true, "screen_size": [800, 1000], "tick": 402, "objects": ["Ball", "Goal", "Container", "Container", "Container", "Container", "Container"], "object_params": [[[559.1011723568333, 100]], [[607.5232907755179, 1000]], [[233, 283], 54, -4.68832688048129, -1.4253787696365385], [[308, 644], 56, 0.33659169449835513, 60.077660973483106], [[271, 312], 55, -6.031944175662672, -50.358690922280466], [[564, 212], 69, -8.301972966468261, -34.50320964272437], [[298, 427], 74, -1.6887345498437312, 75.99964109922229]]}