{"name": "low_no5", "collision_prob": 0.0, "collision": false, "screen_size": [800, 1000], "tick": 189, "objects": ["Ball", "Goal", "Container", "Container", "Container", "Container", "Container"], "object_params": [[[477.2854629756747, 100]], [[423.66780133305735, 1000]], [[421, 219], 54, -9.002815304960603, 23.650266218670886], [[536, 756], 47, 1.8165250170532907, -114.78602436684251], [[512, 224], 46, -9.666503598465642, -235.1710744079447], [[238, 747], 56, -7.914037536728725, 7.061373326670621], [[538, 607], 45, 1.9196154078214178, 166.76583052157946]]}