{"name": "low_no0", "collision_prob": 0.0, "collision": false, "screen_size": [800, 1000], "tick": 171, "objects": ["Ball", "Goal", "Container", "Container", "Container", "Container", "Container"], "object_params": [[[432.807871806449, 100]], [[433.29171552020836, 1000]], [[513, 719], 69, 15.733636491188719, 14.20289200107912], [[394, 212], 77, -11.308490292338607, -213.07336982478938], [[472, 271], 73, 15.51617480617378, 87.99208450226512], [[487, 366], 61, -11.180172893059686, -92.86764218095473], [[334, 234], 56, 4.848399743464518, 47.67576202136125]]}