{"name": "low_no1", "collision_prob": 0.0, "collision": false, "screen_size": [800, 1000], "tick": 176, "objects": ["Ball", "Goal", "Container", "Container", "Container", "Container", "Container"], "object_params": [[[400.05042958312487, 100]], [[322.71331135017766, 1000]], [[249, 654], 52, 5.931139563601494, -15.385341494018373], [[447, 225], 42, 2.205969287823843, -68.93251814041601], [[327, 291], 51, -0.3072506717341943, -86.6148990336846], [[359, 271], 57, 12.082028550018144, -40.045544251384506], [[553, 324], 59, 4.659157581387035, -35.85692693512569]]}