{"name": "low_no13", "collision_prob": 0.0, "collision": false, "screen_size": [800, 1000], "tick": 186, "objects": ["Ball", "Goal", "Container", "Container", "Container", "Container", "Container"], "object_params": [[[357.83954722865616, 100]], [[348.51949100135954, 1000]], [[363, 321], 41, 2.812737558426765, -52.94171469402254], [[313, 304], 70, -3.0986051862097193, 45.56746788012714], [[315, 341], 61, -5.853511044398382, -113.11981605405379], [[465, 463], 59, -1.3599977670619445, 109.7447386621895], [[549, 539], 45, -8.334312629213237, 128.5531468646537]]}