{"name": "low_no10", "collision_prob": 0.0, "collision": false, "screen_size": [800, 1000], "tick": 183, "objects": ["Ball", "Goal", "Container", "Container", "Container", "Container", "Container"], "object_params": [[[386.7582033354266, 100]], [[442.04446718305576, 1000]], [[297, 605], 58, -18.790178441444585, 13.723686441249194], [[200, 631], 43, 20.076219139662822, 127.34026200271768], [[504, 752], 69, -8.164563561538351, 3.041142590395786], [[392, 206], 69, 25.012427982975275, 308.60652113544273], [[208, 558], 68, -5.419376815235669, 133.1033978589674]]}