{"name": "low_no7", "collision_prob": 0.0, "collision": false, "screen_size": [800, 1000], "tick": 189, "objects": ["Ball", "Goal", "Container", "Container", "Container", "Container", "Container"], "object_params": [[[271.2661545828394, 100]], [[287.339609156258, 1000]], [[546, 463], 67, 17.721088875858694, 6.759673258302003], [[313, 582], 40, -3.5330916039320175, 32.80799692857647], [[572, 528], 65, 9.284291060152105, -69.71127778021238], [[410, 446], 66, -10.448478963041762, -81.27092333874639], [[272, 227], 51, 24.879897705681955, -9.313962311661916]]}