{"name": "low_no3", "collision_prob": 0.0, "collision": false, "screen_size": [800, 1000], "tick": 198, "objects": ["Ball", "Goal", "Container", "Container", "Container", "Container", "Container"], "object_params": [[[540.4296576787358, 100]], [[604.631125869075, 1000]], [[468, 260], 40, 7.540342472170352, -118.39273269892482], [[456, 556], 54, -2.020341381442527, 65.66803373922974], [[591, 263], 66, 20.849370595504197, 24.845494415951723], [[547, 456], 64, 3.909326109183517, -54.58846618909781], [[482, 500], 49, 2.5485677216247504, -19.735997981669467]]}