{"name": "low_no14", "collision_prob": 0.0, "collision": false, "screen_size": [800, 1000], "tick": 170, "objects": ["Ball", "Goal", "Container", "Container", "Container", "Container", "Container"], "object_params": [[[331.0663167814549, 100]], [[283.36246056655494, 1000]], [[279, 703], 74, 8.926382545377066, -42.87380259874867], [[245, 240], 43, -21.16502426416975, 44.914390970220786], [[440, 763], 74, 1.4254088900825215, 89.67809118246228], [[364, 223], 56, -0.11265289551213363, -46.11753915095874], [[296, 671], 76, -10.06750181046333, -86.56644743772021]]}