{"name": "low_no4", "collision_prob": 0.0, "collision": false, "screen_size": [800, 1000], "tick": 186, "objects": ["Ball", "Goal", "Container", "Container", "Container", "Container", "Container"], "object_params": [[[527.6654599223941, 100]], [[452.3414674252716, 1000]], [[483, 307], 42, -5.352354973253156, -153.50843011363222], [[421, 260], 46, -14.482088817434352, -186.96131089772857], [[534, 220], 46, -6.197865784678288, 118.94624869412223], [[273, 393], 43, 0.739696001267205, 264.4983282177527], [[211, 706], 77, -1.3160036086867173, 42.81924255880429]]}