{"name": "low_no9", "collision_prob": 0.0, "collision": false, "screen_size": [800, 1000], "tick": 161, "objects": ["Ball", "Goal", "Container", "Container", "Container", "Container", "Container"], "object_params": [[[326.7471872164416, 100]], [[383.3945319497261, 1000]], [[290, 204], 75, 13.45876756813863, -130.19225949353583], [[207, 413], 78, -1.8742324822905474, 130.49332707172178], [[239, 787], 66, 5.985224733318704, -39.27092228819086], [[371, 272], 79, -9.505929256579448, -63.828902824560565], [[402, 297], 77, -7.268531514175813, 158.5218157910508]]}