{"name": "low_no8", "collision_prob": 0.0, "collision": false, "screen_size": [800, 1000], "tick": 182, "objects": ["Ball", "Goal", "Container", "Container", "Container", "Container", "Container"], "object_params": [[[473.6103511328299, 100]], [[444.95979837647997, 1000]], [[472, 302], 65, -7.083037835449629, 46.49867246146824], [[569, 313], 53, 2.5791301243037874, 21.7478360289765], [[568, 637], 47, 6.832013255789602, -10.973778191502332], [[597, 326], 47, -1.8102455181734631, -70.26256875790094], [[365, 461], 61, -4.825879918642469, -61.26089774277668]]}