{"name": "low_no12", "collision_prob": 0.0, "collision": false, "screen_size": [800, 1000], "tick": 186, "objects": ["Ball", "Goal", "Container", "Container", "Container", "Container", "Container"], "object_params": [[[274.8123774207521, 100]], [[364.20669350114747, 1000]], [[365, 311], 48, 11.142917998374028, 95.14851393630197], [[304, 728], 42, 8.825671123572754, 152.55281912224416], [[557, 698], 75, 5.575549406359387, 159.05258561572677], [[443, 632], 44, -15.829549930944854, -71.54098134970263], [[275, 281], 61, -3.9230269168815908, 42.413289233798984]]}