{"name": "low_no6", "collision_prob": 0.0, "collision": false, "screen_size": [800, 1000], "tick": 175, "objects": ["Ball", "Goal", "Container", "Container", "Container", "Container", "Container"], "object_params": [[[407.0778685990478, 100]], [[571.318632219522, 1000]], [[403, 234], 63, 10.938477899172629, -147.77892604554987], [[433, 716], 70, 5.95024829879315, -1.843256049770283], [[518, 201], 64, -1.974437018355656, -30.36996798794849], [[571, 597], 52, -12.20737613144589, 100.74773621648139], [[544, 520], 48, 5.95988282222669, 54.0325386583148]]}