{"name": "low_no11", "collision_prob": 0.0, "collision": false, "screen_size": [800, 1000], "tick": 198, "objects": ["Ball", "Goal", "Container", "Container", "Container", "Container", "Container"], "object_params": [[[429.6565199345061, 100]], [[393.4496749113558, 1000]], [[233, 557], 43, -2.5124760617896627, 48.34827882572529], [[460, 354], 42, -17.92253356910366, 189.1593404178397], [[485, 250], 64, -11.31683339246955, -38.7130245382496], [[399, 254], 40, -12.97291818167153, -107.67306629419556], [[257, 788], 71, -0.5609826514828882, 124.06925234850785]]}