{"name": "low_no2", "collision_prob": 0.0, "collision": false, "screen_size": [800, 1000], "tick": 173, "objects": ["Ball", "Goal", "Container", "Container", "Container", "Container", "Container"], "object_params": [[[187.21353462957222, 100]], [[158.74213847154607, 1000]], [[389, 579], 69, -16.15366903435109, 1.7248126125076686], [[421, 310], 47, -9.829012038282851, -48.02221762051517], [[399, 782], 60, 14.5256036906389, 109.01235503368692], [[201, 252], 48, 20.736712254306767, -46.33918581402703], [[516, 677], 64, -2.037020375611928, 17.588817773831362]]}