{"name": "med_no5", "collision_prob": 0.02, "collision": true, "screen_size": [800, 1000], "tick": 388, "objects": ["Ball", "Goal", "Container", "Container", "Container", "Container", "Container"], "object_params": [[[607.9418688433891, 100]], [[587.4392930791926, 1000]], [[484, 513], 51, 0.3496280046201145, -72.1465354686713], [[569, 548], 58, 8.018455118742182, 40.453113740340235], [[401, 685], 47, -11.779397087148835, 11.41351538475514], [[288, 649], 76, 2.1789071888932017, -31.34410546740572], [[340, 776], 50, 14.54413584395863, 17.713999922840536]]}