{"name": "med_no10", "collision_prob": 0.01, "collision": true, "screen_size": [800, 1000], "tick": 351, "objects": ["Ball", "Goal", "Container", "Container", "Container", "Container", "Container"], "object_params": [[[288.5474511334791, 100]], [[155.74899602623225, 1000]], [[257, 725], 78, -4.173640039132972, 145.00171325066225], [[363, 424], 40, 5.278148045236536, -121.61906067221334], [[226, 787], 64, -2.9427941406592546, -59.232423066840404], [[521, 630], 44, 12.787586326152027, -21.858313090171027], [[513, 517], 68, 7.151441933707497, -23.305543534576948]]}