{"name": "med_yes12", "collision_prob": 1.0, "collision": true, "screen_size": [800, 1000], "tick": 328, "objects": ["Ball", "Goal", "Container", "Container", "Container", "Container", "Container"], "object_params": [[[135.91606455903693, 100]], [[183.11827706783836, 1000]], [[482, 251], 44, -4.968814716536268, -25.19379435542195], [[456, 573], 78, -6.3412600459008495, 99.77377148468763], [[440, 587], 74, -20.33910574399608, -63.32914776152983], [[546, 291], 55, 3.093418416830049, -52.31874443134619], [[322, 725], 77, -1.5435968248320622, 83.76503858446519]]}