{"name": "med_no12", "collision_prob": 0.0, "collision": false, "screen_size": [800, 1000], "tick": 321, "objects": ["Ball", "Goal", "Container", "Container", "Container", "Container", "Container"], "object_params": [[[484.2724057299379, 100]], [[288.35022503249724, 1000]], [[369, 664], 60, 5.319277997635131, 74.1140685625875], [[350, 752], 42, -13.384800411175998, 68.50431131033551], [[227, 520], 43, 3.7530126420280636, 21.948781056703336], [[202, 501], 58, 6.3386885853517505, -71.55733169153169], [[410, 724], 50, -9.99447100372491, 72.05010911426346]]}