{"name": "med_no14", "collision_prob": 0.0, "collision": false, "screen_size": [800, 1000], "tick": 344, "objects": ["Ball", "Goal", "Container", "Container", "Container", "Container", "Container"], "object_params": [[[346.46288506084824, 100]], [[375.5064925574388, 1000]], [[255, 586], 64, -9.514200123867877, -84.02552950825684], [[553, 449], 61, -12.337137735999761, -150.61362640932035], [[340, 296], 65, 12.200355395575624, -219.67636777634564], [[556, 592], 53, 10.11048448823039, -48.76988700520498], [[522, 729], 49, 5.856750570901722, -43.63006378779269]]}