{"name": "med_yes9", "collision_prob": 1.0, "collision": true, "screen_size": [800, 1000], "tick": 291, "objects": ["Ball", "Goal", "Container", "Container", "Container", "Container", "Container"], "object_params": [[[280.88589752853767, 100]], [[257.86398341809047, 1000]], [[443, 487], 41, -2.339971371848798, -217.83157648476148], [[399, 775], 64, -5.572239925012047, 122.00678691468352], [[508, 706], 54, 2.2428295119790334, -26.881900484582562], [[459, 550], 43, 15.147091436218043, 8.227891086350573], [[386, 463], 65, 2.3577544455974624, 209.41983057452197]]}