{"name": "med_no3", "collision_prob": 0.0, "collision": false, "screen_size": [800, 1000], "tick": 290, "objects": ["Ball", "Goal", "Container", "Container", "Container", "Container", "Container"], "object_params": [[[301.3113773984788, 100]], [[414.64093548227186, 1000]], [[547, 288], 73, 9.598111644858003, -20.54753819338442], [[490, 533], 57, 5.853125996323706, -89.98557561287316], [[441, 412], 78, -0.07930458761760442, 33.401831223177396], [[431, 308], 58, -0.7338379823745278, -101.23378740760083], [[496, 590], 48, 6.004079203204831, -49.44539006288928]]}