{"name": "med_yes1", "collision_prob": 1.0, "collision": false, "screen_size": [800, 1000], "tick": 303, "objects": ["Ball", "Goal", "Container", "Container", "Container", "Container", "Container"], "object_params": [[[476.68248039130697, 100]], [[475.20764567698933, 1000]], [[207, 343], 61, -7.790791563447964, 163.5192399182633], [[256, 412], 59, -8.20006066494617, -55.18166210179561], [[596, 380], 55, 8.69435191526596, -100.36891995837833], [[307, 544], 51, -16.839959437916296, 29.18904154128323], [[254, 611], 70, -4.090414574094402, -64.22444861509132]]}