{"name": "med_no1", "collision_prob": 0.08, "collision": true, "screen_size": [800, 1000], "tick": 381, "objects": ["Ball", "Goal", "Container", "Container", "Container", "Container", "Container"], "object_params": [[[304.25508317311386, 100]], [[278.891797089903, 1000]], [[472, 602], 52, 0.1266018878512354, 96.5559457969971], [[506, 537], 58, 12.26522137980417, 20.86329575179213], [[426, 595], 76, -8.280809811448211, 101.11478312810705], [[314, 415], 61, -7.616886730387704, -50.08088918870492], [[440, 322], 65, -12.76474798536795, -127.48013057850568]]}