{"name": "med_no4", "collision_prob": 0.0, "collision": false, "screen_size": [800, 1000], "tick": 334, "objects": ["Ball", "Goal", "Container", "Container", "Container", "Container", "Container"], "object_params": [[[379.58024081808276, 100]], [[407.7412041855386, 1000]], [[209, 530], 41, -4.468806134387226, -122.40372747346112], [[296, 684], 72, -14.44736110050342, -228.75381568291445], [[366, 284], 46, 4.129061445490928, -33.000665892444246], [[474, 447], 41, -0.8596424450514829, 140.486479555327], [[471, 214], 78, 26.211309520112742, 27.307551788423925]]}