{"name": "med_no11", "collision_prob": 0.0, "collision": false, "screen_size": [800, 1000], "tick": 385, "objects": ["Ball", "Goal", "Container", "Container", "Container", "Container", "Container"], "object_params": [[[180.7234574229261, 100]], [[192.31075804081863, 1000]], [[569, 264], 68, 6.501178085836877, 97.7955559463637], [[350, 657], 55, 13.841655476991727, 26.668920109245207], [[293, 226], 44, 32.96993239217584, 124.8100741416886], [[212, 545], 50, -3.64185208362985, 140.29542067752575], [[309, 545], 44, 8.136898820924753, -29.328306184597174]]}