{"name": "med_yes3", "collision_prob": 0.96, "collision": true, "screen_size": [800, 1000], "tick": 373, "objects": ["Ball", "Goal", "Container", "Container", "Container", "Container", "Container"], "object_params": [[[231.60874437261805, 100]], [[210.89337323594137, 1000]], [[460, 613], 52, -7.145818216963194, 34.21066264732197], [[345, 500], 47, -0.8091313491970351, -67.47844241222948], [[292, 708], 59, -0.9429100190658047, -88.76963015798407], [[413, 613], 46, 8.839890921741766, 51.088731731281925], [[429, 458], 76, -3.1061883981244565, -15.002830118634929]]}