{"name": "med_no0", "collision_prob": 0.0, "collision": false, "screen_size": [800, 1000], "tick": 356, "objects": ["Ball", "Goal", "Container", "Container", "Container", "Container", "Container"], "object_params": [[[269.34857296643844, 100]], [[236.80195144842833, 1000]], [[459, 691], 72, 8.951162204621143, -70.94414918709187], [[359, 697], 42, -10.155135926052845, 41.220797436982615], [[294, 604], 49, 7.809810677982513, 150.51471816675465], [[304, 456], 46, -6.292308266691414, 85.65548140328714], [[370, 675], 77, 12.663234689624336, -124.35009707994772]]}