{"name": "med_yes6", "collision_prob": 1.0, "collision": true, "screen_size": [800, 1000], "tick": 313, "objects": ["Ball", "Goal", "Container", "Container", "Container", "Container", "Container"], "object_params": [[[195.54416857518984, 100]], [[169.9919665544052, 1000]], [[495, 363], 58, -0.8705817032404508, 54.73623595312744], [[560, 304], 78, 0.49144035601168373, -67.91473040426621], [[446, 512], 49, 5.95191583591033, 15.01987586312546], [[496, 689], 78, 21.630341931556288, -104.87979527776244], [[440, 678], 74, 5.334006285907141, 44.09271844562369]]}