{"name": "med_no8", "collision_prob": 0.04, "collision": true, "screen_size": [800, 1000], "tick": 389, "objects": ["Ball", "Goal", "Container", "Container", "Container", "Container", "Container"], "object_params": [[[464.8610020972805, 100]], [[511.01846532412134, 1000]], [[337, 491], 47, -13.844681415763285, -49.18405198935668], [[574, 221], 55, 19.52392944655115, 12.303601819387646], [[463, 214], 58, -10.610099870930727, 111.97439949462017], [[264, 562], 52, 7.094370644175932, -37.321782014007326], [[342, 389], 49, 3.275844760172404, 147.2587102563014]]}