{"name": "med_yes13", "collision_prob": 0.96, "collision": true, "screen_size": [800, 1000], "tick": 384, "objects": ["Ball", "Goal", "Container", "Container", "Container", "Container", "Container"], "object_params": [[[340.0504032399726, 100]], [[321.9517392088935, 1000]], [[512, 736], 55, -0.23462148609687078, -68.10973461009894], [[406, 714], 51, 0.9347185407659999, 106.88914697685372], [[312, 329], 45, 20.825086448183654, 92.05672298711717], [[518, 418], 76, 8.338237780241652, 32.823417951774765], [[236, 664], 41, -8.51423823169487, -45.773957297141656]]}