{"name": "med_yes10", "collision_prob": 0.91, "collision": true, "screen_size": [800, 1000], "tick": 322, "objects": ["Ball", "Goal", "Container", "Container", "Container", "Container", "Container"], "object_params": [[[384.1843817054819, 100]], [[394.5512705361554, 1000]], [[598, 472], 57, -1.426293404251357, 158.58397939917927], [[521, 512], 59, -0.22716175659960353, -99.61617371415963], [[494, 635], 68, -2.477433840967835, -103.25108510152249], [[542, 242], 78, 24.28474780210522, -34.24214447743092], [[562, 486], 53, -8.137948029468006, -105.81034750269362]]}