{"name": "med_no6", "collision_prob": 0.02, "collision": true, "screen_size": [800, 1000], "tick": 282, "objects": ["Ball", "Goal", "Container", "Container", "Container", "Container", "Container"], "object_params": [[[531.5526377768686, 100]], [[535.3712889441139, 1000]], [[367, 432], 60, 11.774749363497051, 80.99941481308986], [[453, 280], 58, -2.157694685909665, 51.88011204981237], [[408, 262], 62, -5.029774757487727, 14.942740015441434], [[455, 291], 52, 7.068238224766507, 65.79225887930527], [[526, 330], 43, 16.05148764864064, -111.34498910617708]]}