{"name": "med_yes0", "collision_prob": 1.0, "collision": true, "screen_size": [800, 1000], "tick": 330, "objects": ["Ball", "Goal", "Container", "Container", "Container", "Container", "Container"], "object_params": [[[217.76879548635708, 100]], [[238.1986206652461, 1000]], [[394, 712], 61, -1.209587521894078, -28.533867828863286], [[432, 506], 76, 4.820928392536224, -53.25601269696673], [[500, 632], 45, 8.502895095438287, -50.61411996790091], [[357, 601], 54, -0.960851108688147, 2.482236739001675], [[450, 366], 41, 14.451930164053294, -9.503686152321324]]}