{"name": "med_no7", "collision_prob": 0.08, "collision": true, "screen_size": [800, 1000], "tick": 360, "objects": ["Ball", "Goal", "Container", "Container", "Container", "Container", "Container"], "object_params": [[[466.1162620676311, 100]], [[501.5522453227419, 1000]], [[324, 256], 45, -5.799334439516127, -186.10244936019245], [[206, 791], 63, -7.679730215482978, 54.68279283431644], [[401, 398], 56, -13.648954339473393, -40.145148700941974], [[205, 725], 45, 8.630961091892551, 35.513086259978095], [[297, 625], 72, 4.664510724483886, -34.46319038862371]]}