{"name": "med_yes7", "collision_prob": 1.0, "collision": true, "screen_size": [800, 1000], "tick": 285, "objects": ["Ball", "Goal", "Container", "Container", "Container", "Container", "Container"], "object_params": [[[72.1673028033314, 100]], [[68.19752198543814, 1000]], [[535, 489], 66, -22.055920870644034, -16.002818489901436], [[451, 740], 48, -8.970439106675403, 101.29251506097515], [[489, 704], 70, -5.9595826765875195, 177.05733764789088], [[272, 270], 66, -9.38615106581349, -83.94784914421307], [[356, 327], 60, 10.38139057214652, 91.75628499265221]]}