{"name": "med_yes14", "collision_prob": 1.0, "collision": true, "screen_size": [800, 1000], "tick": 285, "objects": ["Ball", "Goal", "Container", "Container", "Container", "Container", "Container"], "object_params": [[[92.10250698020384, 100]], [[86.01012838645012, 1000]], [[497, 474], 55, -4.066044986830109, 88.64536343255799], [[583, 249], 55, -2.9839496216780055, -73.60169232334509], [[346, 757], 43, -15.286200410219665, -104.23183324895687], [[492, 570], 52, 7.0453870989806955, 30.005853755002345], [[372, 268], 65, 3.8920471606397338, 2.098126163934907]]}