{"name": "med_yes5", "collision_prob": 1.0, "collision": true, "screen_size": [800, 1000], "tick": 285, "objects": ["Ball", "Goal", "Container", "Container", "Container", "Container", "Container"], "object_params": [[[155.02322783832346, 100]], [[153.52320431998845, 1000]], [[280, 785], 44, 1.4737198543216243, 36.39719064982272], [[405, 552], 41, 7.112781276408233, 7.687201145553635], [[245, 592], 51, -20.29473423708374, 136.94424156030976], [[339, 638], 49, 7.551354000671985, 37.95138886340747], [[596, 415], 69, -10.658021858289676, 18.557058830303223]]}