{"name": "med_no2", "collision_prob": 0.0, "collision": false, "screen_size": [800, 1000], "tick": 332, "objects": ["Ball", "Goal", "Container", "Container", "Container", "Container", "Container"], "object_params": [[[448.1336888263327, 100]], [[319.3446653771024, 1000]], [[231, 691], 72, -1.84011297994533, 48.21990821113074], [[473, 737], 76, -14.889116854544675, -63.74427607454072], [[464, 561], 79, -14.715617822301091, 61.08542400282217], [[240, 794], 68, -0.8690103804919537, -57.38435912296776], [[362, 426], 73, -7.1001638468997355, -44.60459781305956]]}