{"name": "med_yes4", "collision_prob": 1.0, "collision": false, "screen_size": [800, 1000], "tick": 285, "objects": ["Ball", "Goal", "Container", "Container", "Container", "Container", "Container"], "object_params": [[[164.51244302549426, 100]], [[150.87232773719555, 1000]], [[377, 320], 41, -21.903789324122922, 27.383845184903084], [[586, 586], 79, 14.481552341724548, -81.2385759834351], [[279, 339], 58, -5.332185685247168, -68.88595950708093], [[379, 335], 64, -5.6176365312797145, 61.10174875954488], [[446, 443], 61, 2.8961126706730616, -114.59701377844709]]}