{"name": "med_yes11", "collision_prob": 0.93, "collision": true, "screen_size": [800, 1000], "tick": 326, "objects": ["Ball", "Goal", "Container", "Container", "Container", "Container", "Container"], "object_params": [[[393.30602378317155, 100]], [[372.985669575314, 1000]], [[572, 295], 74, -28.855571378168193, 90.00641673812979], [[549, 345], 62, 24.189278007142065, -101.28274587791039], [[291, 489], 68, -9.846789075113241, 116.31102440093144], [[216, 234], 66, -5.957750578241074, 118.4357283549863], [[521, 747], 48, -2.642351597302246, -1.4648025649666028]]}