{"name": "med_yes8", "collision_prob": 1.0, "collision": false, "screen_size": [800, 1000], "tick": 285, "objects": ["Ball", "Goal", "Container", "Container", "Container", "Container", "Container"], "object_params": [[[91.99360964094471, 100]], [[83.05951794977423, 1000]], [[504, 601], 54, 3.081525885570631, -99.78916387196996], [[387, 706], 43, 12.523042856137376, -101.32212799333146], [[341, 685], 67, -9.350802262199666, -103.57562874221823], [[296, 530], 68, 3.286698323974004, 96.84415792750276], [[593, 449], 72, 6.254243931476706, -38.77160869134229]]}