{"name": "med_no13", "collision_prob": 0.0, "collision": false, "screen_size": [800, 1000], "tick": 378, "objects": ["Ball", "Goal", "Container", "Container", "Container", "Container", "Container"], "object_params": [[[267.7956797645496, 100]], [[394.40021325364233, 1000]], [[212, 613], 46, 5.790713801842359, -132.82369132994555], [[338, 459], 77, 0.20660254094026595, -24.503215803225693], [[317, 799], 64, 5.161588665092801, 89.8979783694312], [[473, 270], 50, 11.147935643997968, -143.95008048020784], [[255, 273], 40, -1.1043584123478527, -142.13766763515855]]}