{"name": "med_no9", "collision_prob": 0.0, "collision": false, "screen_size": [800, 1000], "tick": 377, "objects": ["Ball", "Goal", "Container", "Container", "Container", "Container", "Container"], "object_params": [[[407.35089285574645, 100]], [[402.7131739116826, 1000]], [[462, 431], 72, 18.794819034474724, -45.24298009217032], [[352, 303], 74, 4.606317879998735, -13.935324665033916], [[297, 573], 61, -6.11435681779473, 54.674162633348686], [[295, 423], 70, -16.651310789383395, -84.2716225939391], [[543, 303], 51, -7.8380680396374425, -0.20728014229763378]]}