{"name": "med_yes2", "collision_prob": 0.98, "collision": true, "screen_size": [800, 1000], "tick": 302, "objects": ["Ball", "Goal", "Container", "Container", "Container", "Container", "Container"], "object_params": [[[516.326260241903, 100]], [[516.2851249305492, 1000]], [[225, 300], 69, 7.987917870600004, -115.06529609392614], [[415, 522], 66, -0.6638653160975239, -93.92176783656886], [[233, 389], 78, -15.30721261564125, 87.36138936105657], [[243, 443], 63, -3.4609631460789876, 16.778278814056655], [[245, 338], 70, 9.055513042432645, -11.622468408162408]]}