{"name": "high_nocol_nosp_2", "screen_size": [800, 1000], "tick": [390], "tick_samples": [389, 388, 391, 389, 389, 390, 388, 389, 389, 389, 389, 389, 389, 389, 389, 389, 389, 390, 388, 388, 389, 389, 390, 389, 389, 389, 390, 389, 389, 388, 390, 389, 388, 390, 388, 389, 390, 389, 389, 389, 389, 391, 390, 391, 389, 389, 390, 388, 389, 389, 389, 389, 389, 389, 390, 390, 389, 390, 389, 391, 390, 388, 388, 388, 390, 390, 390, 389, 390, 390, 391, 388, 390, 391, 388, 388, 389, 388, 388, 389, 390, 388, 388, 390, 390, 390, 388, 389, 389, 390, 389, 388, 390, 390, 390, 389, 389, 390, 388, 390], "objects": ["Ball", "Goal", "PlinkoBorder", "BottomBorder", "Container", "Container", "Container", "Container", "Container"], "ball_args": [[502.0, 159.01042205603858]], "goal_args": [[588.0, 1000.0]], "container_args": [[[454, 931], 78, -16.24875649885525, -5.814180556919347], [[394, 878], 74, -11.561311307059901, -14.960628541795181], [[518, 493], 85, 3.9647762540289393, -13.301104534426967], [[441, 902], 58, -5.3706774778456525, 132.98860484660625], [[330, 488], 118, -13.529603578501803, 85.24511958453631]]}