{"name": "high_nocol_nosp_3", "screen_size": [800, 1000], "tick": [302], "tick_samples": [302, 302, 302, 301, 302, 302, 302, 302, 302, 302, 302, 302, 302, 302, 302, 302, 302, 302, 302, 301, 302, 302, 302, 302, 302, 302, 303, 302, 302, 302, 302, 302, 302, 302, 302, 302, 302, 302, 302, 302, 302, 302, 302, 302, 302, 303, 302, 302, 302, 302, 302, 302, 302, 302, 302, 302, 302, 302, 302, 303, 302, 302, 302, 302, 302, 303, 302, 302, 302, 302, 303, 302, 301, 302, 302, 302, 303, 302, 302, 302, 302, 302, 302, 302, 302, 302, 302, 302, 302, 302, 302, 303, 302, 302, 302, 302, 302, 302, 302, 302], "objects": ["Ball", "Goal", "PlinkoBorder", "BottomBorder", "Container", "Container", "Container", "Container", "Container"], "ball_args": [[628.0, 78.27570438173171]], "goal_args": [[220.0, 1000.0]], "container_args": [[[421, 485], 45, 3.4289813542037697, -34.58339245665758], [[299, 827], 69, -13.687183597078485, -99.11247767104459], [[216, 704], 117, -0.9928995758139685, 23.96289423874994], [[239, 625], 116, -5.637079697207311, -2.857649359106368], [[589, 862], 88, -6.087364967543817, -15.48184816509554]]}