{"name": "high_nocol_nosp_4", "screen_size": [800, 1000], "tick": [357], "tick_samples": [357, 444, 358, 359, 359, 359, 358, 358, 358, 359, 352, 358, 358, 357, 359, 357, 358, 359, 359, 358, 359, 359, 358, 358, 375, 358, 359, 358, 358, 358, 358, 358, 359, 404, 357, 359, 358, 358, 359, 359, 359, 357, 359, 358, 358, 358, 359, 358, 359, 357, 358, 357, 400, 358, 357, 360, 358, 358, 359, 359, 358, 359, 359, 359, 358, 359, 358, 358, 358, 358, 358, 359, 359, 359, 358, 424, 358, 358, 358, 358, 358, 358, 359, 358, 358, 441, 358, 357, 358, 358, 357, 358, 359, 357, 359, 358, 359, 357, 358, 357], "objects": ["Ball", "Goal", "PlinkoBorder", "BottomBorder", "Container", "Container", "Container", "Container", "Container"], "ball_args": [[480.0, 59.343379605454864]], "goal_args": [[496.0, 1000.0]], "container_args": [[[360, 551], 101, 2.916746896981986, 49.907470372700274], [[354, 365], 69, 6.141262523414685, 22.596906424053355], [[421, 700], 101, -3.5463940215582412, 65.37791587443856], [[530, 226], 102, -16.73444286504089, 168.0898380417974], [[469, 837], 44, 12.44330440126225, 35.02725844610723]]}