{"name": "low_nocol_nosp_1", "screen_size": [800, 1000], "tick": 92, "tick_samples": [100, 97, 96, 98, 94, 98, 97, 101, 97, 100, 107, 148, 94, 101, 92, 94, 95, 100, 109, 104, 97, 100, 106, 95, 91, 133, 94, 102, 88, 117, 95, 100, 99, 109, 91, 98, 90, 98, 102, 95, 96, 119, 112, 92, 99, 104, 91, 119, 125, 112, 97, 97, 99, 100, 96, 106, 98, 100, 107, 95, 92, 93, 98, 95, 92, 101, 98, 95, 100, 96, 97, 102, 88, 92, 95, 98, 100, 108, 96, 110, 99, 102, 98, 100, 109, 97, 96, 92, 111, 97, 96, 92, 92, 101, 116, 98, 102, 99, 121, 92], "objects": ["Ball", "Goal", "PlinkoBorder", "BottomBorder", "Container", "Container", "Container", "Container", "Container"], "ball_args": [[391.0, 730.8394408552592]], "goal_args": [[161.0, 1000.0]], "container_args": [[[238, 296], 117, 6.331379077294138, -165.81401889690986], [[401, 613], 86, 7.872020464629789, -129.06518721162587], [[402, 848], 45, 14.974561074645518, 120.21678491625298], [[598, 635], 54, -4.13810208120837, -124.11877138297335], [[504, 525], 104, -15.368470888381772, -118.40110950826663]]}