{"name": "low_nocol_nosp_4", "screen_size": [800, 1000], "tick": 115, "tick_samples": [111, 120, 122, 117, 117, 112, 113, 112, 114, 121, 121, 118, 104, 119, 114, 108, 120, 119, 98, 106, 119, 122, 116, 109, 119, 118, 115, 112, 114, 119, 120, 113, 110, 112, 111, 114, 107, 119, 116, 111, 114, 115, 110, 111, 106, 112, 110, 113, 111, 115, 112, 117, 109, 107, 111, 105, 115, 115, 116, 118, 121, 111, 107, 111, 110, 113, 115, 110, 115, 114, 116, 116, 112, 114, 113, 117, 111, 116, 117, 112, 115, 120, 118, 115, 113, 120, 114, 113, 115, 107, 115, 116, 110, 113, 109, 111, 111, 112, 120, 115], "objects": ["Ball", "Goal", "PlinkoBorder", "BottomBorder", "Container", "Container", "Container", "Container", "Container"], "ball_args": [[256.0, 751.3711457854631]], "goal_args": [[245.0, 1000.0]], "container_args": [[[369, 615], 109, 0.3414606200155717, -95.24918567745718], [[467, 255], 89, 6.2390348690102755, 45.70888175061324], [[560, 547], 50, 13.638699154513763, 249.01367848938563], [[392, 274], 99, -5.970999440997865, -28.352663561414353], [[244, 866], 61, 4.207302900310842, 39.21446665555528]]}