{"name": "low_nocol_yessp_4", "screen_size": [800, 1000], "tick": 61, "tick_samples": [53, 54, 60, 50, 55, 54, 65, 58, 54, 54, 60, 53, 59, 64, 55, 63, 58, 62, 60, 59, 60, 56, 58, 53, 56, 58, 52, 56, 57, 48, 54, 59, 56, 62, 60, 56, 54, 58, 50, 53, 60, 55, 55, 60, 62, 55, 48, 47, 52, 58, 59, 65, 58, 59, 54, 53, 49, 55, 56, 51, 45, 57, 63, 56, 48, 54, 58, 55, 55, 58, 61, 57, 48, 60, 60, 58, 55, 60, 49, 54, 52, 56, 55, 48, 60, 57, 56, 59, 63, 56, 56, 57, 61, 54, 48, 59, 60, 56, 54, 61], "objects": ["Ball", "Goal", "PlinkoBorder", "BottomBorder", "Container", "Container", "Container", "Container", "Container"], "ball_args": [[146.0, 860.5327508194387]], "goal_args": [[658.0, 1000.0]], "container_args": [[[450, 899], 87, -4.9270499856757555, 97.35108087638413], [[400, 354], 45, -6.904770724508088, 40.98065442445752], [[227, 892], 41, -7.504876447900653, -104.8753912492499], [[462, 900], 54, -1.9514166604210397, 21.921864405645884], [[359, 261], 116, -8.063538827139883, -31.006046393297897]]}