{"name": "low_nocol_nosp_3", "screen_size": [800, 1000], "tick": 86, "tick_samples": [79, 84, 84, 93, 87, 88, 85, 88, 84, 83, 85, 81, 88, 82, 83, 88, 86, 88, 89, 84, 90, 88, 82, 75, 89, 89, 88, 82, 90, 87, 91, 78, 84, 80, 91, 81, 87, 85, 82, 92, 89, 81, 85, 79, 88, 78, 85, 82, 80, 83, 83, 86, 88, 81, 83, 90, 94, 90, 91, 86, 87, 82, 89, 91, 84, 79, 78, 85, 89, 88, 83, 86, 85, 92, 86, 89, 84, 86, 89, 89, 81, 83, 84, 89, 82, 83, 88, 94, 81, 82, 89, 90, 92, 87, 83, 92, 90, 90, 79, 86], "objects": ["Ball", "Goal", "PlinkoBorder", "BottomBorder", "Container", "Container", "Container", "Container", "Container"], "ball_args": [[307.0, 758.4290629316488]], "goal_args": [[491.0, 1000.0]], "container_args": [[[371, 919], 107, 10.022957480818999, 127.94675055297175], [[230, 347], 60, -6.844264754699882, 48.38570623454592], [[390, 288], 115, -2.301213341385765, -21.830707298318803], [[350, 678], 61, 7.764263721526179, -103.60996893940836], [[572, 537], 51, -6.215962745609428, 3.2725760122170167]]}