{"name": "low_nocol_yessp_2", "screen_size": [800, 1000], "tick": 51, "tick_samples": [55, 50, 44, 42, 51, 40, 42, 58, 48, 55, 53, 35, 47, 48, 40, 49, 45, 50, 45, 46, 42, 40, 52, 52, 48, 51, 56, 49, 49, 53, 40, 45, 55, 38, 49, 53, 44, 49, 45, 53, 55, 46, 50, 51, 33, 49, 46, 45, 50, 56, 47, 56, 39, 50, 51, 36, 56, 45, 43, 52, 54, 49, 49, 40, 54, 48, 48, 39, 44, 51, 54, 58, 57, 50, 45, 50, 49, 60, 43, 54, 47, 48, 50, 51, 55, 48, 50, 47, 48, 49, 37, 43, 49, 44, 42, 41, 41, 47, 50, 51], "objects": ["Ball", "Goal", "PlinkoBorder", "BottomBorder", "Container", "Container", "Container", "Container", "Container"], "ball_args": [[439.0, 883.1340974977702]], "goal_args": [[224.0, 1000.0]], "container_args": [[[304, 479], 103, -5.983159001640322, -54.85622828591894], [[566, 606], 69, -14.798273122102897, -2.6410640799376015], [[387, 337], 118, -6.803730711623, 203.53902215894522], [[588, 346], 81, -25.41665498317576, -105.04197601530775], [[392, 851], 58, -12.521391094144676, -43.5992473782957]]}