{"name": "low_yescol_yessp_2", "screen_size": [800, 1000], "tick": 67, "tick_samples": [69, 65, 61, 72, 71, 64, 70, 68, 67, 68, 68, 63, 70, 67, 68, 64, 66, 70, 68, 66, 72, 71, 65, 66, 72, 69, 62, 69, 67, 67, 72, 66, 61, 69, 63, 66, 70, 63, 68, 65, 73, 70, 68, 68, 76, 64, 67, 61, 66, 62, 70, 65, 61, 70, 72, 62, 64, 63, 67, 70, 68, 61, 69, 68, 73, 74, 71, 57, 64, 65, 65, 67, 66, 68, 63, 68, 67, 70, 70, 67, 64, 71, 69, 62, 64, 71, 64, 67, 70, 69, 72, 68, 68, 64, 70, 65, 72, 69, 69, 67], "objects": ["Ball", "Goal", "PlinkoBorder", "BottomBorder", "Container", "Container", "Container", "Container", "Container"], "ball_args": [[689.0, 770.8945498729414]], "goal_args": [[689.0, 1000.0]], "container_args": [[[494, 547], 65, -2.377109786562661, 131.76459928412157], [[321, 245], 68, -0.8687208826178916, 0.8076527341986909], [[238, 285], 56, 11.405946184071492, 54.932119293499674], [[201, 636], 72, -4.376908514800583, -49.05655422954772], [[260, 516], 46, -2.239597183991711, -16.780190122600622]]}