{"name": "low_nocol_yessp_1", "screen_size": [800, 1000], "tick": 89, "tick_samples": [87, 92, 89, 88, 90, 97, 92, 90, 95, 91, 94, 91, 88, 88, 86, 91, 93, 92, 91, 93, 89, 95, 91, 93, 90, 91, 90, 93, 92, 89, 88, 89, 90, 90, 88, 95, 93, 90, 86, 94, 87, 93, 89, 89, 92, 86, 91, 92, 88, 86, 93, 90, 89, 89, 88, 88, 88, 90, 88, 89, 85, 92, 86, 90, 89, 92, 90, 95, 89, 87, 91, 92, 89, 92, 95, 86, 95, 85, 91, 88, 92, 90, 90, 93, 84, 90, 86, 88, 93, 94, 91, 89, 89, 88, 85, 92, 87, 93, 91, 89], "objects": ["Ball", "Goal", "PlinkoBorder", "BottomBorder", "Container", "Container", "Container", "Container", "Container"], "ball_args": [[731.0, 705.2937212733436]], "goal_args": [[40.0, 1000.0]], "container_args": [[[336, 234], 97, -6.447198018019841, 41.77262665198249], [[484, 329], 41, 15.671661197551309, 10.308212597038215], [[262, 678], 47, 2.0765826365067492, -20.45492024816899], [[300, 677], 96, -5.627448646067496, 57.14630771988356], [[586, 546], 80, -5.872139481458573, -38.4400636035981]]}