{"name": "med_nocol_yessp_2", "screen_size": [800, 1000], "tick": 156, "tick_samples": [155, 157, 157, 156, 156, 157, 156, 156, 157, 157, 156, 157, 154, 157, 158, 156, 156, 156, 156, 157, 155, 156, 156, 158, 157, 158, 156, 156, 156, 156, 157, 157, 156, 156, 157, 156, 157, 157, 158, 158, 156, 156, 158, 157, 156, 157, 157, 155, 155, 157, 156, 156, 157, 156, 156, 158, 157, 156, 158, 157, 156, 156, 157, 158, 157, 155, 156, 156, 155, 157, 156, 155, 155, 157, 157, 156, 157, 156, 157, 157, 157, 157, 156, 156, 158, 159, 156, 157, 155, 156, 155, 155, 156, 156, 158, 156, 158, 155, 155, 156], "objects": ["Ball", "Goal", "PlinkoBorder", "BottomBorder", "Container", "Container", "Container", "Container", "Container"], "ball_args": [[45.0, 287.30005583880904]], "goal_args": [[594.0, 1000.0]], "container_args": [[[245, 411], 116, -6.773599489123966, 11.568219796998662], [[253, 901], 64, 10.040821271227802, 112.0700012390188], [[416, 637], 45, 13.728673543743318, 0.10816245606347209], [[424, 400], 49, -2.7054448418684296, -101.74548692340312], [[245, 717], 60, -4.593392973321002, -103.45003500045914]]}