{"name": "med_yescol_nosp_2", "screen_size": [800, 1000], "tick": 206, "tick_samples": [206, 206, 206, 206, 206, 206, 206, 261, 206, 206, 206, 238, 206, 248, 206, 206, 206, 224, 206, 206, 206, 271, 238, 206, 206, 280, 206, 206, 291, 206, 207, 206, 206, 206, 206, 198, 206, 209, 272, 206, 206, 206, 206, 206, 206, 206, 206, 206, 206, 206, 206, 206, 206, 206, 293, 206, 206, 206, 206, 206, 206, 206, 206, 206, 275, 206, 202, 206, 216, 206, 207, 205, 206, 205, 206, 196, 206, 206, 206, 201, 206, 202, 207, 197, 206, 253, 206, 206, 206, 206, 206, 206, 199, 206, 206, 200, 206, 206, 196, 206], "objects": ["Ball", "Goal", "PlinkoBorder", "BottomBorder", "Container", "Container", "Container", "Container", "Container"], "ball_args": [[451.0, 77.51473356356213]], "goal_args": [[134.0, 1000.0]], "container_args": [[[470, 621], 103, 11.260944156240084, -175.09359131430963], [[459, 775], 61, 1.5475594563609374, -3.0503402059417484], [[510, 650], 58, 6.559101817487991, 114.64092397725963], [[445, 474], 57, -7.538687104605285, -236.5759413272344], [[539, 880], 95, -10.021792577026309, 66.90153572690203]]}