{"name": "med_yescol_yessp_1", "screen_size": [800, 1000], "tick": 161, "tick_samples": [161, 161, 161, 161, 159, 162, 162, 160, 160, 161, 161, 161, 161, 160, 161, 161, 161, 160, 161, 161, 161, 161, 160, 162, 161, 162, 161, 160, 161, 161, 161, 162, 160, 161, 161, 160, 160, 161, 160, 162, 160, 160, 161, 161, 160, 162, 161, 160, 161, 161, 160, 160, 160, 161, 160, 161, 160, 161, 161, 160, 161, 161, 161, 161, 162, 160, 161, 160, 162, 160, 161, 161, 161, 161, 161, 161, 160, 160, 160, 161, 160, 161, 161, 161, 161, 160, 160, 160, 161, 160, 161, 160, 161, 160, 162, 160, 161, 161, 160, 161], "objects": ["Ball", "Goal", "PlinkoBorder", "BottomBorder", "Container", "Container", "Container", "Container", "Container"], "ball_args": [[97.0, 214.01618722527868]], "goal_args": [[97.0, 1000.0]], "container_args": [[[347, 417], 44, 8.556824943763829, 89.35262214484574], [[566, 251], 107, 9.44401739089492, -72.13224320315382], [[595, 314], 54, -19.566426082362923, -8.962829892894636], [[540, 390], 109, 10.695779939488105, 38.55263924211402], [[389, 608], 94, -16.00743151581733, -72.51217199404498]]}