{"name": "med_nocol_nosp_1", "screen_size": [800, 1000], "tick": 276, "tick_samples": [268, 267, 258, 262, 263, 264, 266, 265, 264, 267, 266, 263, 258, 265, 262, 260, 266, 267, 263, 265, 269, 261, 264, 267, 260, 265, 264, 259, 255, 264, 260, 263, 269, 269, 260, 262, 268, 266, 261, 263, 261, 262, 262, 267, 261, 262, 261, 259, 268, 263, 263, 264, 258, 273, 261, 268, 268, 264, 260, 263, 261, 266, 266, 267, 264, 267, 252, 266, 264, 264, 256, 262, 262, 267, 261, 261, 268, 264, 271, 255, 269, 268, 263, 261, 268, 268, 265, 259, 274, 257, 261, 267, 261, 259, 265, 263, 260, 265, 263, 276], "objects": ["Ball", "Goal", "PlinkoBorder", "BottomBorder", "Container", "Container", "Container", "Container", "Container"], "ball_args": [[320.0, 248.10777616081785]], "goal_args": [[326.0, 1000.0]], "container_args": [[[311, 752], 60, 5.340043503837806, -9.595263330668324], [[362, 293], 63, 0.6272867076503679, 19.323237062136855], [[439, 882], 74, 1.248353174253425, 75.53146014035684], [[323, 936], 80, -11.154566054770056, 45.7620062611139], [[512, 310], 106, 4.548049531811207, -92.47575844864446]]}