{"name": "med_yescol_yessp_3", "screen_size": [800, 1000], "tick": 172, "tick_samples": [171, 172, 171, 172, 171, 171, 172, 172, 171, 171, 171, 171, 171, 172, 172, 171, 172, 172, 172, 172, 171, 171, 172, 171, 171, 171, 172, 171, 172, 172, 172, 172, 172, 172, 172, 171, 172, 172, 172, 171, 172, 172, 172, 171, 172, 172, 172, 172, 171, 172, 172, 172, 171, 172, 171, 171, 172, 171, 172, 172, 172, 171, 171, 171, 172, 172, 173, 172, 172, 172, 172, 172, 172, 171, 171, 172, 172, 172, 171, 171, 172, 172, 171, 171, 172, 171, 171, 172, 171, 172, 171, 172, 172, 172, 172, 172, 172, 172, 172, 172], "objects": ["Ball", "Goal", "PlinkoBorder", "BottomBorder", "Container", "Container", "Container", "Container", "Container"], "ball_args": [[537.0, 133.24574362230905]], "goal_args": [[537.0, 1000.0]], "container_args": [[[289, 470], 49, 8.429748460366824, -43.664534308941064], [[247, 934], 88, -9.820721589486869, -47.36814405260019], [[227, 394], 107, -1.1269013100482772, -110.06126849495766], [[248, 792], 76, 2.6882200032796306, 66.70497378320442], [[296, 671], 113, 15.869478322440136, 64.41501321047237]]}