{"name": "med_nocol_nosp_3", "screen_size": [800, 1000], "tick": 224, "tick_samples": [280, 201, 182, 198, 263, 277, 263, 198, 252, 247, 269, 212, 207, 264, 269, 278, 255, 209, 244, 274, 190, 283, 191, 200, 258, 183, 234, 215, 185, 211, 248, 288, 197, 199, 206, 282, 289, 261, 271, 237, 253, 198, 222, 272, 207, 256, 232, 202, 193, 204, 254, 200, 215, 229, 252, 195, 236, 286, 278, 229, 239, 253, 251, 202, 188, 261, 190, 285, 257, 214, 238, 196, 244, 227, 266, 199, 263, 263, 274, 258, 224, 289, 245, 228, 242, 279, 217, 206, 282, 234, 278, 238, 249, 238, 250, 216, 277, 269, 289, 224], "objects": ["Ball", "Goal", "PlinkoBorder", "BottomBorder", "Container", "Container", "Container", "Container", "Container"], "ball_args": [[261.0, 125.84364783448841]], "goal_args": [[418.0, 1000.0]], "container_args": [[[432, 750], 40, -5.386655839008643, -123.11908236565282], [[277, 734], 62, 9.735011527462387, 18.373235925456036], [[373, 568], 117, 0.10556589042795528, -133.91953574928831], [[552, 554], 78, -7.483010897157158, 68.7149261296773], [[249, 693], 112, -0.06885970905570091, -77.63696313741364]]}