{"name": "med_nocol_nosp_4", "screen_size": [800, 1000], "tick": 199, "tick_samples": [215, 201, 186, 185, 186, 186, 185, 185, 186, 187, 186, 186, 186, 186, 187, 186, 187, 185, 205, 186, 185, 226, 186, 185, 202, 185, 224, 186, 186, 196, 185, 186, 185, 186, 185, 185, 185, 190, 184, 185, 239, 186, 226, 186, 231, 188, 187, 186, 185, 184, 186, 186, 184, 186, 237, 186, 185, 186, 249, 185, 186, 185, 186, 187, 185, 189, 185, 184, 186, 184, 185, 186, 185, 186, 200, 186, 196, 186, 185, 187, 187, 185, 185, 186, 211, 185, 186, 205, 185, 186, 185, 184, 186, 185, 185, 185, 185, 185, 186, 199], "objects": ["Ball", "Goal", "PlinkoBorder", "BottomBorder", "Container", "Container", "Container", "Container", "Container"], "ball_args": [[361.0, 211.10495035309586]], "goal_args": [[105.0, 1000.0]], "container_args": [[[263, 400], 70, -0.5539237251090724, 108.33480621219604], [[348, 632], 45, -14.368909293430306, 60.869347485868204], [[458, 247], 52, 0.23377639069642314, -22.678343226380303], [[247, 264], 69, -11.120476714185799, 17.50481418229312], [[475, 902], 63, 8.749878050765538, -19.353751502907684]]}