{"name": "med_yescol_nosp_1", "screen_size": [800, 1000], "tick": 184, "tick_samples": [184, 184, 183, 184, 181, 184, 183, 183, 184, 183, 183, 185, 184, 183, 184, 184, 184, 183, 183, 182, 185, 185, 183, 183, 183, 184, 184, 184, 182, 185, 184, 183, 184, 183, 184, 183, 184, 183, 184, 183, 184, 184, 183, 183, 184, 184, 183, 183, 183, 184, 183, 184, 184, 183, 184, 184, 185, 184, 184, 183, 183, 184, 185, 184, 184, 183, 183, 183, 184, 184, 184, 184, 184, 185, 185, 183, 182, 185, 184, 183, 184, 184, 184, 184, 183, 184, 185, 183, 184, 182, 182, 184, 182, 192, 183, 183, 184, 184, 185, 184], "objects": ["Ball", "Goal", "PlinkoBorder", "BottomBorder", "Container", "Container", "Container", "Container", "Container"], "ball_args": [[553.0, 175.8118295182497]], "goal_args": [[732.0, 1000.0]], "container_args": [[[345, 265], 60, 10.771565638572202, 45.53735944292086], [[318, 688], 110, 6.375397276023116, -8.70746644461295], [[443, 514], 58, 0.980945240991551, 4.157128656393834], [[519, 607], 109, -13.357444545871594, 60.759731475039224], [[347, 667], 89, 15.229212790643796, -11.783508320873795]]}