{"name": "med_nocol_yessp_4", "screen_size": [800, 1000], "tick": 184, "tick_samples": [184, 184, 183, 184, 184, 184, 184, 184, 184, 184, 184, 184, 184, 184, 183, 184, 184, 184, 184, 184, 184, 184, 184, 184, 183, 184, 184, 184, 184, 184, 184, 184, 184, 184, 184, 184, 184, 184, 184, 184, 184, 184, 184, 183, 184, 184, 184, 184, 184, 184, 183, 184, 184, 184, 184, 184, 184, 184, 184, 184, 184, 184, 184, 184, 183, 184, 184, 184, 184, 184, 184, 184, 183, 184, 184, 184, 184, 184, 184, 184, 183, 184, 184, 184, 184, 183, 184, 183, 184, 184, 184, 184, 184, 184, 183, 184, 184, 184, 184, 184], "objects": ["Ball", "Goal", "PlinkoBorder", "BottomBorder", "Container", "Container", "Container", "Container", "Container"], "ball_args": [[56.0, 82.39269343632131]], "goal_args": [[344.0, 1000.0]], "container_args": [[[432, 722], 95, 0.7522020897743165, -16.428298519346455], [[576, 670], 60, 6.199918695400245, 57.73419488076787], [[222, 931], 60, 0.15281186596123003, 52.45484703050116], [[414, 488], 65, -0.2948210528961509, -46.99451439479077], [[383, 871], 103, 8.060472102654245, 20.307745254496194]]}