{"name": "med_yescol_nosp_4", "screen_size": [800, 1000], "tick": 253, "tick_samples": [204, 252, 218, 253, 256, 251, 206, 218, 199, 198, 253, 218, 251, 253, 253, 237, 226, 252, 253, 252, 225, 205, 252, 253, 230, 218, 217, 249, 218, 255, 240, 222, 253, 201, 253, 200, 253, 239, 254, 219, 251, 236, 252, 219, 252, 227, 226, 252, 252, 207, 220, 253, 253, 251, 254, 253, 210, 252, 252, 253, 252, 215, 231, 252, 253, 253, 209, 216, 252, 223, 253, 253, 252, 226, 253, 240, 207, 215, 253, 252, 252, 239, 253, 254, 252, 253, 220, 253, 221, 251, 217, 253, 245, 253, 254, 251, 254, 203, 248, 253], "objects": ["Ball", "Goal", "PlinkoBorder", "BottomBorder", "Container", "Container", "Container", "Container", "Container"], "ball_args": [[381.0, 154.18800491422394]], "goal_args": [[71.0, 1000.0]], "container_args": [[[444, 730], 72, 4.548636397107946, -32.69708714952135], [[444, 395], 102, 2.105430820248654, -24.6624672079897], [[348, 578], 55, -6.01650626557997, 54.16861771435331], [[499, 343], 106, -13.280767661213247, -37.56886074907475], [[552, 311], 73, -11.006746325271928, 67.15967978161675]]}