{"name": "high_nocol_nosp_1", "screen_size": [800, 1000], "tick": [316], "tick_samples": [316, 319, 319, 324, 321, 318, 314, 319, 319, 323, 320, 320, 321, 322, 322, 322, 322, 322, 322, 319, 323, 320, 321, 317, 319, 319, 320, 319, 321, 320, 320, 321, 318, 319, 321, 321, 319, 320, 322, 323, 323, 320, 322, 321, 321, 318, 320, 322, 323, 320, 316, 316, 316, 321, 318, 319, 321, 320, 317, 322, 319, 322, 319, 319, 320, 320, 320, 319, 319, 318, 318, 316, 321, 320, 322, 319, 319, 322, 320, 319, 318, 322, 319, 324, 318, 319, 320, 320, 318, 322, 320, 320, 320, 318, 318, 315, 319, 322, 320, 316], "objects": ["Ball", "Goal", "PlinkoBorder", "BottomBorder", "Container", "Container", "Container", "Container", "Container"], "ball_args": [[131.0, 396.1003084386472]], "goal_args": [[145.0, 1000.0]], "container_args": [[[207, 880], 112, 14.23790802374375, 9.661194198794389], [[268, 423], 79, -11.818381367523457, 176.2830332828256], [[497, 743], 92, -7.222291652070992, -1.1988779634566913], [[534, 376], 87, -1.4463226053582767, -118.51184594684764], [[508, 330], 107, -0.19781200502335947, -39.77718831074654]]}