{"name": "high_yescol_nosp_3", "screen_size": [800, 1000], "tick": [378], "tick_samples": [378, 379, 379, 378, 379, 378, 378, 378, 378, 379, 378, 378, 378, 377, 378, 379, 379, 378, 378, 378, 379, 379, 378, 378, 378, 378, 379, 379, 378, 378, 377, 378, 379, 378, 379, 378, 378, 378, 378, 378, 377, 378, 378, 378, 377, 379, 378, 378, 378, 378, 378, 378, 379, 378, 377, 378, 379, 379, 379, 378, 379, 378, 377, 378, 379, 378, 378, 378, 378, 378, 379, 377, 378, 378, 378, 378, 378, 378, 378, 378, 378, 378, 378, 378, 377, 378, 378, 379, 377, 378, 378, 378, 378, 378, 379, 378, 378, 378, 378, 378], "objects": ["Ball", "Goal", "PlinkoBorder", "BottomBorder", "Container", "Container", "Container", "Container", "Container"], "ball_args": [[218.0, 79.86056422562986]], "goal_args": [[351.0, 1000.0]], "container_args": [[[241, 947], 71, 0.5615294231159872, 183.49954100992872], [[408, 232], 40, -2.8675031883480333, -139.11525403901575], [[500, 688], 110, 5.52262419543779, -28.591803911442586], [[490, 640], 63, -7.876430778573238, 53.35865071842033], [[403, 482], 44, 7.2346179065311125, 3.577911262962817]]}