{"name": "high_yescol_nosp_1", "screen_size": [800, 1000], "tick": [367], "tick_samples": [363, 366, 364, 367, 362, 362, 365, 389, 368, 362, 366, 364, 365, 365, 363, 354, 367, 365, 365, 366, 364, 364, 363, 366, 368, 352, 366, 364, 363, 368, 366, 367, 367, 367, 361, 355, 367, 367, 359, 374, 363, 367, 360, 366, 336, 367, 367, 376, 362, 367, 366, 365, 368, 365, 367, 365, 364, 361, 367, 332, 368, 366, 365, 366, 366, 376, 344, 365, 362, 362, 366, 383, 357, 366, 365, 366, 357, 372, 364, 363, 363, 367, 365, 368, 364, 366, 368, 366, 363, 365, 363, 361, 364, 367, 364, 363, 364, 365, 368, 367], "objects": ["Ball", "Goal", "PlinkoBorder", "BottomBorder", "Container", "Container", "Container", "Container", "Container"], "ball_args": [[636.0, 70.08174095825684]], "goal_args": [[734.0, 1000.0]], "container_args": [[[306, 760], 51, -13.326020073341024, -33.022603350136926], [[257, 468], 112, -0.26562681388967535, 4.931743774794629], [[593, 705], 118, -9.799883579570395, 30.594004805038256], [[298, 396], 114, 16.172647004800286, -86.44841022963018], [[314, 496], 107, 7.183609232507705, -55.203606355363696]]}