{"name": "low_yescol_nosp_3", "screen_size": [800, 1000], "tick": 106, "tick_samples": [114, 115, 106, 111, 107, 114, 105, 107, 113, 112, 112, 107, 114, 107, 113, 112, 120, 131, 114, 111, 114, 108, 116, 112, 117, 113, 116, 107, 106, 112, 130, 111, 106, 110, 120, 112, 113, 113, 111, 120, 120, 127, 108, 114, 115, 114, 115, 114, 131, 113, 107, 112, 114, 107, 119, 114, 116, 113, 110, 114, 115, 127, 116, 108, 111, 116, 116, 114, 109, 113, 129, 116, 112, 115, 111, 111, 112, 108, 108, 133, 116, 130, 113, 106, 109, 130, 117, 119, 116, 115, 117, 112, 111, 115, 116, 108, 113, 113, 111, 106], "objects": ["Ball", "Goal", "PlinkoBorder", "BottomBorder", "Container", "Container", "Container", "Container", "Container"], "ball_args": [[373.0, 715.8142885346771]], "goal_args": [[266.0, 1000.0]], "container_args": [[[391, 572], 60, 4.472474776486578, -7.495621903135438], [[534, 925], 62, -9.562681499651749, -68.6565072187691], [[405, 837], 79, 8.200008015825471, -38.73531701850718], [[539, 308], 54, -13.602667010330427, 65.424141918164], [[565, 799], 58, -4.335987403285716, -4.91917558194879]]}