{"name": "low_yescol_nosp_1", "screen_size": [800, 1000], "tick": 116, "tick_samples": [117, 122, 107, 112, 113, 110, 112, 112, 111, 123, 121, 105, 115, 104, 112, 105, 104, 108, 119, 114, 121, 111, 115, 116, 114, 121, 114, 116, 115, 114, 114, 114, 114, 119, 104, 113, 109, 102, 105, 109, 106, 112, 117, 118, 102, 117, 113, 111, 110, 115, 107, 108, 114, 103, 118, 104, 103, 104, 113, 108, 116, 107, 106, 113, 111, 118, 126, 115, 120, 112, 129, 109, 114, 113, 112, 122, 111, 110, 101, 122, 116, 121, 115, 109, 109, 109, 103, 107, 112, 108, 100, 116, 118, 104, 114, 115, 121, 101, 116, 116], "objects": ["Ball", "Goal", "PlinkoBorder", "BottomBorder", "Container", "Container", "Container", "Container", "Container"], "ball_args": [[160.0, 703.6868031269685]], "goal_args": [[55.0, 1000.0]], "container_args": [[[536, 802], 94, 7.791367078339697, 26.59816239330389], [[210, 727], 73, 1.2171802305353883, -33.75283981083222], [[399, 440], 57, -3.3620558741448674, -56.48176297534151], [[308, 402], 77, 21.79037772991519, 104.35748354001569], [[539, 866], 85, -3.740821804488068, 101.37703592066178]]}