{"name": "low_yescol_yessp_4", "screen_size": [800, 1000], "tick": 35, "tick_samples": [1, 39, 15, 13, 33, 41, 30, 22, 1, 33, 31, 25, 25, 38, 1, 33, 30, 24, 28, 35, 24, 28, 20, 25, 27, 26, 24, 13, 20, 35, 2, 37, 14, 1, 27, 23, 29, 19, 24, 15, 1, 31, 26, 1, 1, 25, 6, 32, 29, 31, 26, 29, 1, 12, 34, 17, 17, 26, 10, 8, 46, 32, 16, 11, 19, 1, 31, 34, 1, 6, 34, 13, 8, 16, 23, 32, 35, 36, 25, 1, 1, 33, 31, 31, 1, 26, 38, 28, 34, 38, 17, 33, 12, 33, 22, 22, 22, 23, 29, 35], "objects": ["Ball", "Goal", "PlinkoBorder", "BottomBorder", "Container", "Container", "Container", "Container", "Container"], "ball_args": [[196.0, 908.5670413423493]], "goal_args": [[196.0, 1000.0]], "container_args": [[[286, 811], 114, -8.698103713920085, 75.8143306260759], [[518, 489], 90, -24.083944474118972, 1.5768967339538422], [[408, 407], 74, -2.013970740965467, -125.32161854322848], [[382, 205], 41, 13.05132219278552, 28.969376533829635], [[549, 877], 56, -1.4918495299758063, 129.53981995198484]]}