{"name": "low_nocol_nosp_2", "screen_size": [800, 1000], "tick": 66, "tick_samples": [71, 87, 132, 65, 84, 70, 67, 84, 90, 73, 80, 86, 88, 86, 67, 84, 69, 67, 84, 83, 68, 1, 108, 68, 92, 70, 66, 88, 84, 84, 68, 84, 63, 79, 68, 65, 84, 96, 67, 82, 87, 87, 86, 86, 87, 67, 87, 86, 67, 68, 90, 68, 78, 1, 85, 84, 85, 85, 65, 61, 69, 87, 69, 83, 65, 65, 68, 89, 61, 68, 92, 86, 82, 84, 82, 66, 85, 85, 85, 80, 87, 83, 89, 67, 65, 69, 86, 87, 64, 83, 65, 64, 81, 68, 85, 67, 83, 85, 86, 66], "objects": ["Ball", "Goal", "PlinkoBorder", "BottomBorder", "Container", "Container", "Container", "Container", "Container"], "ball_args": [[295.0, 797.8011599992715]], "goal_args": [[393.0, 1000.0]], "container_args": [[[521, 521], 78, -0.38676137924056936, -37.50518950866843], [[592, 214], 101, -13.765804190426289, 75.44099117215019], [[398, 503], 118, -12.699527378345437, 55.1791360018356], [[272, 850], 68, -1.4195732674803776, -60.91633651316845], [[459, 451], 50, 6.882378654679916, -154.39251331036147]]}