{"name": "low_yescol_yessp_3", "screen_size": [800, 1000], "tick": 79, "tick_samples": [78, 74, 71, 75, 73, 75, 74, 74, 72, 73, 72, 69, 78, 74, 71, 73, 78, 72, 74, 72, 74, 75, 75, 80, 73, 79, 74, 78, 70, 74, 73, 76, 76, 71, 79, 75, 81, 72, 75, 73, 77, 74, 77, 80, 73, 70, 76, 79, 71, 76, 79, 74, 76, 71, 73, 75, 76, 69, 75, 76, 80, 69, 78, 78, 78, 73, 76, 73, 71, 72, 76, 78, 82, 77, 76, 77, 78, 75, 80, 74, 76, 76, 73, 72, 78, 75, 77, 78, 75, 76, 82, 79, 78, 74, 72, 76, 79, 77, 78, 79], "objects": ["Ball", "Goal", "PlinkoBorder", "BottomBorder", "Container", "Container", "Container", "Container", "Container"], "ball_args": [[71.0, 735.6027017482251]], "goal_args": [[71.0, 1000.0]], "container_args": [[[564, 548], 96, -11.406964868814228, 149.11720625796008], [[529, 392], 54, -17.102074566662676, 122.21504783600142], [[214, 287], 63, -8.932645546480678, 17.824747276370676], [[442, 811], 97, 9.352024269378797, -95.95278740726981], [[468, 700], 111, -15.247433699367438, 9.867950602985573]]}