{"name": "low_yescol_yessp_8", "screen_size": [800, 1000], "tick": 88, "tick_samples": [91, 86, 86, 88, 87, 90, 86, 86, 85, 87, 92, 88, 88, 88, 93, 86, 92, 88, 91, 86, 88, 87, 87, 92, 88, 92, 86, 87, 89, 87, 92, 89, 95, 89, 87, 91, 89, 84, 92, 87, 91, 93, 92, 90, 82, 82, 86, 91, 90, 88, 90, 88, 88, 89, 91, 88, 85, 87, 90, 89, 91, 88, 85, 90, 88, 91, 85, 88, 95, 88, 89, 88, 87, 81, 91, 84, 87, 90, 87, 85, 91, 85, 85, 88, 89, 90, 92, 87, 88, 87, 93, 96, 89, 88, 80, 93, 82, 90, 91, 88], "objects": ["Ball", "Goal", "PlinkoBorder", "BottomBorder", "Container", "Container", "Container", "Container", "Container"], "ball_args": [[355.0, 673.4183462095352]], "goal_args": [[355.0, 1000.0]], "container_args": [[[591, 924], 99, -15.368447175344748, -99.29486715488044], [[240, 500], 57, -10.350925700256683, 99.01827883210173], [[241, 693], 44, -1.6939958564384408, 116.34964133605702], [[316, 355], 75, -1.3543031225495328, -27.366720638902574], [[515, 458], 70, -6.900362342480579, 47.17490371682586]]}