{"name": "low_yescol_nosp_8", "screen_size": [800, 1000], "tick": 124, "tick_samples": [112, 121, 122, 119, 1, 112, 1, 119, 1, 116, 122, 118, 123, 115, 120, 124, 115, 121, 119, 113, 122, 123, 118, 119, 124, 116, 122, 115, 121, 120, 122, 125, 122, 1, 123, 115, 122, 121, 122, 122, 123, 122, 120, 115, 110, 120, 123, 122, 122, 119, 105, 124, 1, 122, 122, 123, 112, 122, 121, 122, 118, 118, 123, 115, 119, 117, 1, 122, 1, 119, 120, 125, 120, 122, 118, 121, 112, 118, 122, 113, 122, 123, 1, 119, 120, 117, 121, 120, 117, 123, 121, 117, 123, 118, 117, 115, 1, 117, 106, 124], "objects": ["Ball", "Goal", "PlinkoBorder", "BottomBorder", "Container", "Container", "Container", "Container", "Container"], "ball_args": [[369.0, 685.4002871688889]], "goal_args": [[518.0, 1000.0]], "container_args": [[[304, 683], 114, -13.994753748746751, -8.216576263731358], [[270, 793], 60, -8.935689568926593, -0.4846618783245748], [[279, 885], 71, -0.5704733799879712, -138.5764584317365], [[328, 758], 83, -2.5703589372423226, 37.83865017818745], [[437, 413], 85, 3.3007531129280236, -105.26278261496365]]}