{"name": "low_nocol_yessp_3", "screen_size": [800, 1000], "tick": 68, "tick_samples": [69, 73, 72, 76, 68, 74, 73, 65, 71, 75, 79, 73, 68, 73, 71, 69, 66, 72, 71, 72, 72, 71, 70, 73, 75, 68, 80, 67, 73, 75, 66, 66, 68, 67, 72, 73, 69, 75, 74, 72, 73, 70, 70, 65, 70, 79, 75, 73, 71, 66, 72, 69, 65, 63, 72, 69, 67, 73, 69, 71, 72, 68, 70, 71, 70, 66, 69, 70, 71, 65, 74, 69, 67, 70, 71, 67, 73, 76, 70, 75, 67, 73, 65, 74, 68, 68, 73, 71, 66, 74, 66, 67, 73, 67, 65, 73, 73, 69, 68, 68], "objects": ["Ball", "Goal", "PlinkoBorder", "BottomBorder", "Container", "Container", "Container", "Container", "Container"], "ball_args": [[533.0, 799.7992076323844]], "goal_args": [[442.0, 1000.0]], "container_args": [[[382, 686], 110, 17.340638787143693, 40.44847512837886], [[287, 330], 76, -6.456357928587586, -147.33168784464328], [[429, 475], 94, -3.469202704763024, -70.26303361516834], [[367, 203], 42, -2.89861946916628, 8.704085538935779], [[246, 330], 65, -11.712718815279748, -49.44447496850858]]}