{"name": "low_yescol_nosp_4", "screen_size": [800, 1000], "tick": 43, "tick_samples": [47, 37, 49, 43, 51, 53, 48, 46, 48, 48, 60, 50, 45, 52, 48, 50, 37, 44, 49, 40, 39, 40, 37, 51, 52, 48, 46, 38, 51, 45, 61, 65, 51, 48, 57, 50, 56, 40, 55, 41, 47, 50, 46, 55, 47, 40, 54, 49, 43, 54, 42, 56, 49, 48, 49, 50, 49, 46, 47, 47, 45, 46, 50, 41, 44, 47, 49, 40, 37, 41, 18, 61, 47, 38, 53, 41, 49, 42, 53, 50, 46, 49, 47, 42, 48, 45, 49, 50, 49, 42, 53, 53, 48, 39, 50, 45, 50, 45, 51, 43], "objects": ["Ball", "Goal", "PlinkoBorder", "BottomBorder", "Container", "Container", "Container", "Container", "Container"], "ball_args": [[469.0, 851.8326965369453]], "goal_args": [[458.0, 1000.0]], "container_args": [[[363, 569], 88, -24.385319601679708, -144.13474660584455], [[322, 601], 64, 0.6975240280350128, 64.93755905353795], [[516, 851], 74, -1.5145344273217598, -66.27105807300174], [[220, 492], 80, -7.190797204262839, -19.57976117094784], [[444, 827], 45, 0.3769449472555398, 112.42886267499952]]}