{"name": "med_yescol_nosp_3", "screen_size": [800, 1000], "tick": 194, "tick_samples": [194, 214, 193, 194, 193, 192, 191, 192, 192, 193, 193, 192, 194, 192, 193, 195, 193, 192, 194, 194, 193, 191, 192, 194, 192, 193, 193, 193, 191, 193, 192, 192, 194, 192, 193, 192, 192, 195, 193, 193, 194, 193, 193, 191, 270, 191, 194, 194, 193, 191, 194, 192, 192, 193, 191, 192, 194, 192, 192, 193, 192, 191, 193, 191, 194, 194, 191, 193, 194, 191, 193, 192, 191, 194, 191, 194, 192, 191, 194, 194, 190, 191, 192, 193, 193, 193, 193, 191, 193, 192, 191, 194, 170, 193, 193, 193, 193, 191, 193, 194], "objects": ["Ball", "Goal", "PlinkoBorder", "BottomBorder", "Container", "Container", "Container", "Container", "Container"], "ball_args": [[580.0, 168.85780809614687]], "goal_args": [[650.0, 1000.0]], "container_args": [[[504, 422], 49, -17.990412615133998, 98.04347739855145], [[317, 226], 77, 15.387474792118951, -99.02996344097222], [[318, 811], 81, 11.131699830432876, 45.663257695379414], [[290, 893], 95, 5.834947481364235, -6.7740617719350995], [[568, 694], 42, 6.7345624524905725, -125.27082273680016]]}