{"name": "med_nocol_nosp_2", "screen_size": [800, 1000], "tick": 187, "tick_samples": [187, 187, 187, 186, 186, 187, 187, 185, 186, 189, 186, 187, 187, 187, 185, 189, 189, 187, 187, 187, 187, 188, 187, 189, 188, 186, 187, 187, 187, 188, 186, 186, 187, 187, 187, 188, 188, 187, 187, 185, 187, 185, 189, 188, 187, 186, 187, 187, 186, 188, 187, 188, 185, 189, 188, 186, 186, 188, 189, 186, 187, 187, 188, 188, 187, 188, 187, 189, 186, 189, 187, 189, 188, 187, 189, 187, 187, 188, 186, 187, 186, 188, 187, 186, 187, 188, 187, 186, 188, 186, 187, 188, 186, 188, 188, 188, 187, 189, 188, 187], "objects": ["Ball", "Goal", "PlinkoBorder", "BottomBorder", "Container", "Container", "Container", "Container", "Container"], "ball_args": [[306.0, 250.51279010197578]], "goal_args": [[692.0, 1000.0]], "container_args": [[[396, 475], 44, 8.99050345621037, 63.11010000420399], [[332, 499], 64, -2.4091902575188184, -52.53635604385334], [[440, 811], 82, 7.20606229360282, 145.42346837344033], [[404, 297], 44, -1.7253192491113, -28.871763323176932], [[326, 418], 103, -0.14297777147626445, -54.78795077693764]]}