{"name": "med_nocol_yessp_3", "screen_size": [800, 1000], "tick": 185, "tick_samples": [186, 186, 186, 186, 186, 186, 186, 186, 186, 186, 186, 185, 186, 186, 186, 186, 186, 186, 186, 186, 186, 186, 186, 185, 185, 185, 186, 186, 185, 185, 186, 186, 186, 186, 185, 185, 186, 186, 186, 185, 186, 186, 185, 186, 186, 186, 186, 186, 186, 186, 185, 185, 186, 186, 186, 186, 185, 185, 186, 185, 186, 186, 185, 185, 186, 186, 185, 186, 185, 185, 186, 186, 185, 186, 186, 186, 186, 186, 186, 185, 186, 185, 186, 185, 186, 185, 186, 185, 186, 186, 185, 186, 186, 185, 185, 186, 185, 186, 185, 185], "objects": ["Ball", "Goal", "PlinkoBorder", "BottomBorder", "Container", "Container", "Container", "Container", "Container"], "ball_args": [[103.0, 68.09722053714782]], "goal_args": [[361.0, 1000.0]], "container_args": [[[578, 327], 44, 16.0433217060761, -180.03373702510768], [[303, 899], 75, 0.09088968688458778, 187.47488231209326], [[263, 399], 105, 6.764907004363274, -49.5125215770725], [[206, 532], 75, -12.931469434114495, 15.500848910732849], [[516, 430], 78, 15.069054399987268, 126.96145984986124]]}