{"name": "med_nocol_yessp_1", "screen_size": [800, 1000], "tick": 183, "tick_samples": [183, 182, 182, 182, 183, 183, 183, 183, 183, 182, 183, 182, 183, 183, 182, 183, 182, 183, 182, 182, 183, 183, 183, 183, 183, 183, 183, 183, 183, 182, 182, 182, 183, 182, 182, 183, 183, 182, 183, 183, 182, 182, 183, 182, 183, 182, 183, 183, 182, 183, 182, 183, 183, 182, 183, 183, 183, 183, 182, 183, 182, 182, 183, 182, 183, 182, 183, 182, 182, 182, 182, 182, 182, 182, 183, 183, 182, 183, 183, 183, 182, 183, 183, 183, 183, 183, 182, 183, 182, 183, 183, 182, 183, 183, 182, 182, 182, 183, 183, 183], "objects": ["Ball", "Goal", "PlinkoBorder", "BottomBorder", "Container", "Container", "Container", "Container", "Container"], "ball_args": [[46.0, 92.01365996291923]], "goal_args": [[760.0, 1000.0]], "container_args": [[[234, 570], 110, -1.6912062522929276, 104.88561994137447], [[470, 317], 56, -5.175829491326144, 7.451719995244072], [[371, 748], 101, 13.656570659054738, 61.397921496619986], [[383, 690], 75, -7.767626382604114, 15.726953782784193], [[559, 226], 73, -3.9796589238770217, 63.514902014619054]]}