{"name": "med_yescol_yessp_2", "screen_size": [800, 1000], "tick": 159, "tick_samples": [160, 160, 160, 160, 160, 159, 160, 159, 160, 160, 161, 159, 160, 160, 160, 159, 160, 159, 159, 160, 161, 160, 159, 160, 159, 160, 160, 160, 160, 160, 160, 160, 160, 161, 161, 160, 161, 160, 161, 160, 160, 160, 160, 160, 160, 160, 160, 160, 161, 159, 160, 161, 160, 159, 160, 161, 160, 159, 159, 160, 161, 160, 161, 159, 159, 160, 159, 160, 160, 160, 161, 160, 160, 159, 160, 160, 161, 160, 161, 160, 159, 159, 161, 159, 160, 161, 161, 160, 160, 160, 162, 160, 160, 160, 159, 160, 160, 160, 160, 159], "objects": ["Ball", "Goal", "PlinkoBorder", "BottomBorder", "Container", "Container", "Container", "Container", "Container"], "ball_args": [[612.0, 219.19073640330944]], "goal_args": [[612.0, 1000.0]], "container_args": [[[247, 662], 55, -2.543540113317126, -95.09010328225806], [[388, 336], 47, 5.858736226760066, -7.411832497738907], [[420, 284], 48, 4.468942569586511, 77.95080787841874], [[290, 890], 49, -11.15905423797619, -1.7880028713156026], [[315, 598], 43, -5.926165811290865, -51.313878980567324]]}