{"name": "", "screen_size": [800, 1000], "bottom_border_args": [[10, 980], [790, 980]], "objects": ["Goal", "Ball", "Container", "PlinkoBorder", "BottomBorder"], "plinko_border_args": [992, 800], "ball_args": [{"position": [537.3403041427758, 57.20008023320465]}], "goal_args": [{"position": [541.1256599628655, 183.7034858022523]}], "container_args": [{"position": [681.1256599628655, 700], "width": 80, "length": 10, "angle": -30}, {"position": [331.1256599628655, 710], "width": 50, "length": 10, "angle": 70}, {"position": [700, 500], "width": 76, "length": 10, "angle": -36}, {"position": [881.1256599628655, 500], "width": 59, "length": 10, "angle": 42}]}