{"name": "", "screen_size": [800, 1000], "bottom_border_args": [[10, 980], [790, 980]], "objects": ["Goal", "Ball", "Container", "PlinkoBorder", "BottomBorder"], "plinko_border_args": [992, 800], "ball_args": [{"position": [472.32292543957533, 53.270597890144515]}], "goal_args": [{"position": [434.6637174132261, 877.1213115411321]}], "container_args": [{"position": [502.76179146104766, 700], "width": 80, "length": 10, "angle": -30}, {"position": [232.76179146104764, 710], "width": 50, "length": 10, "angle": 70}, {"position": [702.7617914610477, 200], "width": 50, "length": 10, "angle": 24}, {"position": [132.76179146104764, 200], "width": 50, "length": 10, "angle": -58}]}