{"name": "", "screen_size": [800, 1000], "bottom_border_args": [[10, 980], [790, 980]], "objects": ["Goal", "Ball", "Container", "PlinkoBorder", "BottomBorder"], "plinko_border_args": [992, 800], "ball_args": [{"position": [516.6363085710028, 57.58619572984382]}], "goal_args": [{"position": [503.10627961471243, 428.04866190422945]}], "container_args": [{"position": [523.1062796147124, 700], "width": 80, "length": 10, "angle": -30}, {"position": [253.10627961471243, 710], "width": 50, "length": 10, "angle": 70}, {"position": [153.10627961471243, 200], "width": 42, "length": 10, "angle": 41}, {"position": [153.10627961471243, 500], "width": 51, "length": 10, "angle": 45}]}