{"name": "", "screen_size": [800, 1000], "bottom_border_args": [[10, 980], [790, 980]], "objects": ["Goal", "Ball", "Container", "PlinkoBorder", "BottomBorder"], "plinko_border_args": [992, 800], "ball_args": [{"position": [414.06675420733217, 57]}], "goal_args": [{"position": [414.06675420733217, 181.75425431486826]}], "container_args": [{"position": [434.06675420733217, 700], "width": 80, "length": 10, "angle": -30}, {"position": [164.06675420733214, 710], "width": 50, "length": 10, "angle": 70}, {"position": [700, 500], "width": 41, "length": 10, "angle": -3}, {"position": [700, 500], "width": 71, "length": 10, "angle": 5}]}