{"name": "", "screen_size": [800, 1000], "bottom_border_args": [[10, 980], [790, 980]], "objects": ["Goal", "Ball", "Container", "PlinkoBorder", "BottomBorder"], "plinko_border_args": [992, 800], "ball_args": [{"position": [381.95576483218264, 54.740937318604814]}], "goal_args": [{"position": [356.28573095616485, 657.2043288361243]}], "container_args": [{"position": [496.28573095616485, 700], "width": 80, "length": 10, "angle": -30}, {"position": [146.28573095616488, 710], "width": 50, "length": 10, "angle": 70}, {"position": [46.28573095616488, 200], "width": 74, "length": 10, "angle": 65}, {"position": [46.28573095616488, 200], "width": 53, "length": 10, "angle": 13}]}