{"name": "", "screen_size": [800, 1000], "bottom_border_args": [[10, 980], [790, 980]], "objects": ["Goal", "Ball", "Container", "PlinkoBorder", "BottomBorder"], "plinko_border_args": [992, 800], "ball_args": [{"position": [405.96181484957395, 56.3649705030227]}], "goal_args": [{"position": [385.60688790961177, 848.9957118809685]}], "container_args": [{"position": [525.6068879096118, 700], "width": 80, "length": 10, "angle": -30}, {"position": [175.6068879096118, 710], "width": 50, "length": 10, "angle": 70}, {"position": [75.6068879096118, 200], "width": 77, "length": 10, "angle": 1}, {"position": [725.6068879096118, 500], "width": 51, "length": 10, "angle": -23}]}