{"name": "", "screen_size": [800, 1000], "bottom_border_args": [[10, 980], [790, 980]], "objects": ["Goal", "Ball", "Container", "PlinkoBorder", "BottomBorder"], "plinko_border_args": [992, 800], "ball_args": [{"position": [482.2231213414836, 55.194740116846546]}], "goal_args": [{"position": [370.91557567794626, 750.2442231475678]}], "container_args": [{"position": [500.9867844229625, 700], "width": 80, "length": 10, "angle": -30}, {"position": [230.9867844229625, 710], "width": 50, "length": 10, "angle": 70}, {"position": [700.9867844229625, 500], "width": 72, "length": 10, "angle": -34}, {"position": [700.9867844229625, 500], "width": 60, "length": 10, "angle": 34}]}