{"name": "", "screen_size": [800, 1000], "bottom_border_args": [[10, 980], [790, 980]], "objects": ["Goal", "Ball", "Container", "PlinkoBorder", "BottomBorder"], "plinko_border_args": [992, 800], "ball_args": [{"position": [364.79554547931446, 57]}], "goal_args": [{"position": [364.79554547931446, 166.61879654376847]}], "container_args": [{"position": [504.79554547931446, 700], "width": 80, "length": 10, "angle": -30}, {"position": [154.79554547931446, 710], "width": 50, "length": 10, "angle": 70}, {"position": [54.795545479314455, 500], "width": 59, "length": 10, "angle": 49}, {"position": [704.7955454793145, 500], "width": 67, "length": 10, "angle": -51}]}