{"name": "", "screen_size": [800, 1000], "bottom_border_args": [[10, 980], [790, 980]], "objects": ["Goal", "Ball", "Container", "PlinkoBorder", "BottomBorder"], "plinko_border_args": [992, 800], "ball_args": [{"position": [409.44125546768606, 56.10505746607976]}], "goal_args": [{"position": [384.71172838499916, 684.9820290153426]}], "container_args": [{"position": [412.937468962264, 700], "width": 80, "length": 10, "angle": -30}, {"position": [142.93746896226398, 710], "width": 50, "length": 10, "angle": 70}, {"position": [100, 500], "width": 57, "length": 10, "angle": -3}, {"position": [612.937468962264, 500], "width": 68, "length": 10, "angle": -11}]}