{"name": "", "screen_size": [800, 1000], "bottom_border_args": [[10, 980], [790, 980]], "objects": ["Goal", "Ball", "Container", "PlinkoBorder", "BottomBorder"], "plinko_border_args": [992, 800], "ball_args": [{"position": [368.1020107489261, 55.58312224546103]}], "goal_args": [{"position": [154.81272998201703, 683.7058908488749]}], "container_args": [{"position": [392.10939699480406, 700], "width": 80, "length": 10, "angle": -30}, {"position": [122.10939699480403, 710], "width": 50, "length": 10, "angle": 70}, {"position": [100, 500], "width": 74, "length": 10, "angle": -61}, {"position": [100, 500], "width": 60, "length": 10, "angle": -35}]}