{"name": "", "screen_size": [800, 1000], "bottom_border_args": [[10, 980], [790, 980]], "objects": ["Goal", "Ball", "Container", "PlinkoBorder", "BottomBorder"], "plinko_border_args": [992, 800], "ball_args": [{"position": [566.477146256683, 54.84978584116175]}], "goal_args": [{"position": [502.7299844037154, 841.413844196348]}], "container_args": [{"position": [584.2934045912162, 700], "width": 80, "length": 10, "angle": -30}, {"position": [314.29340459121624, 710], "width": 50, "length": 10, "angle": 70}, {"position": [100, 200], "width": 47, "length": 10, "angle": -27}, {"position": [784.2934045912162, 500], "width": 60, "length": 10, "angle": 19}]}