{"name": "", "screen_size": [800, 1000], "bottom_border_args": [[10, 980], [790, 980]], "objects": ["Goal", "Ball", "Container", "PlinkoBorder", "BottomBorder"], "plinko_border_args": [992, 800], "ball_args": [{"position": [443.35056487988356, 56.0676439198736]}], "goal_args": [{"position": [427.44655624330596, 782.1573257173168]}], "container_args": [{"position": [567.446556243306, 700], "width": 80, "length": 10, "angle": -30}, {"position": [217.446556243306, 710], "width": 50, "length": 10, "angle": 70}, {"position": [700, 200], "width": 75, "length": 10, "angle": -45}, {"position": [117.44655624330599, 500], "width": 44, "length": 10, "angle": -40}]}