{"name": "", "screen_size": [800, 1000], "bottom_border_args": [[10, 980], [790, 980]], "objects": ["Goal", "Ball", "Container", "PlinkoBorder", "BottomBorder"], "plinko_border_args": [992, 800], "ball_args": [{"position": [553.2023118213367, 56.78556009974842]}], "goal_args": [{"position": [554.847475558928, 201.80511718338187]}], "container_args": [{"position": [694.847475558928, 700], "width": 80, "length": 10, "angle": -30}, {"position": [344.847475558928, 710], "width": 50, "length": 10, "angle": 70}, {"position": [100, 200], "width": 77, "length": 10, "angle": -57}, {"position": [100, 500], "width": 66, "length": 10, "angle": -45}]}