{"name": "", "screen_size": [800, 1000], "bottom_border_args": [[10, 980], [790, 980]], "objects": ["Goal", "Ball", "Container", "PlinkoBorder", "BottomBorder"], "plinko_border_args": [992, 800], "ball_args": [{"position": [532.9739594216543, 56.78198054716067]}], "goal_args": [{"position": [514.515613390581, 327.0833458596236]}], "container_args": [{"position": [654.515613390581, 700], "width": 80, "length": 10, "angle": -30}, {"position": [304.51561339058105, 710], "width": 50, "length": 10, "angle": 70}, {"position": [100, 500], "width": 77, "length": 10, "angle": 46}, {"position": [700, 500], "width": 67, "length": 10, "angle": -38}]}