{"name": "", "screen_size": [800, 1000], "bottom_border_args": [[10, 980], [790, 980]], "objects": ["Goal", "Ball", "Container", "PlinkoBorder", "BottomBorder"], "plinko_border_args": [992, 800], "ball_args": [{"position": [431.3866595456137, 52.775213287250395]}], "goal_args": [{"position": [412.2872854304645, 918.1413438672488]}], "container_args": [{"position": [467.0485152824893, 700], "width": 80, "length": 10, "angle": -30}, {"position": [197.0485152824893, 710], "width": 50, "length": 10, "angle": 70}, {"position": [97.04851528248929, 200], "width": 50, "length": 10, "angle": 49}, {"position": [97.04851528248929, 500], "width": 78, "length": 10, "angle": 44}]}