{"name": "", "screen_size": [800, 1000], "bottom_border_args": [[10, 980], [790, 980]], "objects": ["Goal", "Ball", "Container", "PlinkoBorder", "BottomBorder"], "plinko_border_args": [992, 800], "ball_args": [{"position": [417.1940023672107, 54.37556336155323]}], "goal_args": [{"position": [395.21828491200137, 688.6627302674146]}], "container_args": [{"position": [535.2182849120013, 700], "width": 80, "length": 10, "angle": -30}, {"position": [185.21828491200137, 710], "width": 50, "length": 10, "angle": 70}, {"position": [100, 500], "width": 58, "length": 10, "angle": 37}, {"position": [100, 200], "width": 49, "length": 10, "angle": 32}]}