{"name": "", "screen_size": [800, 1000], "bottom_border_args": [[10, 980], [790, 980]], "objects": ["Goal", "Ball", "Container", "PlinkoBorder", "BottomBorder"], "plinko_border_args": [992, 800], "ball_args": [{"position": [460.4048506706061, 57.53717058430962]}], "goal_args": [{"position": [449.3275551091892, 335.04529973717626]}], "container_args": [{"position": [469.3275551091892, 700], "width": 80, "length": 10, "angle": -30}, {"position": [199.32755510918918, 710], "width": 50, "length": 10, "angle": 70}, {"position": [99.32755510918918, 500], "width": 50, "length": 10, "angle": 49}, {"position": [99.32755510918918, 200], "width": 77, "length": 10, "angle": -57}]}