{"name": "", "screen_size": [800, 1000], "bottom_border_args": [[10, 980], [790, 980]], "objects": ["Goal", "Ball", "Container", "PlinkoBorder", "BottomBorder"], "plinko_border_args": [992, 800], "ball_args": [{"position": [331.6037878743898, 55.284981751203304]}], "goal_args": [{"position": [311.3734058941687, 626.2412170489516]}], "container_args": [{"position": [451.3734058941687, 700], "width": 80, "length": 10, "angle": -30}, {"position": [101.37340589416871, 710], "width": 50, "length": 10, "angle": 70}, {"position": [700, 200], "width": 58, "length": 10, "angle": -16}, {"position": [1.3734058941687124, 200], "width": 54, "length": 10, "angle": 7}]}