{"name": "", "screen_size": [800, 1000], "bottom_border_args": [[10, 980], [790, 980]], "objects": ["Goal", "Ball", "Container", "PlinkoBorder", "BottomBorder"], "plinko_border_args": [992, 800], "ball_args": [{"position": [448.73814118637654, 56.440722218383]}], "goal_args": [{"position": [432.472072862925, 917.4156934551987]}], "container_args": [{"position": [572.472072862925, 700], "width": 80, "length": 10, "angle": -30}, {"position": [222.47207286292502, 710], "width": 50, "length": 10, "angle": 70}, {"position": [100, 500], "width": 56, "length": 10, "angle": -19}, {"position": [122.47207286292502, 500], "width": 60, "length": 10, "angle": 19}]}