{"name": "", "screen_size": [800, 1000], "bottom_border_args": [[10, 980], [790, 980]], "objects": ["Goal", "Ball", "Container", "PlinkoBorder", "BottomBorder"], "plinko_border_args": [992, 800], "ball_args": [{"position": [427.6688780263453, 55.5072876343534]}], "goal_args": [{"position": [270.55812839529676, 709.5894668151382]}], "container_args": [{"position": [438.7899791102828, 700], "width": 80, "length": 10, "angle": -30}, {"position": [168.7899791102828, 710], "width": 50, "length": 10, "angle": 70}, {"position": [638.7899791102827, 200], "width": 41, "length": 10, "angle": -45}, {"position": [100, 200], "width": 77, "length": 10, "angle": 10}]}