{"name": "", "screen_size": [800, 1000], "bottom_border_args": [[10, 980], [790, 980]], "objects": ["Goal", "Ball", "Container", "PlinkoBorder", "BottomBorder"], "plinko_border_args": [992, 800], "ball_args": [{"position": [371.998169885724, 56.573216465996545]}], "goal_args": [{"position": [350.16242874395573, 585.761060328319]}], "container_args": [{"position": [370.16242874395573, 700], "width": 80, "length": 10, "angle": -30}, {"position": [100.16242874395576, 710], "width": 50, "length": 10, "angle": 70}, {"position": [570.1624287439557, 500], "width": 70, "length": 10, "angle": -9}, {"position": [570.1624287439557, 200], "width": 70, "length": 10, "angle": 33}]}