{"name": "", "screen_size": [800, 1000], "bottom_border_args": [[10, 980], [790, 980]], "objects": ["Goal", "Ball", "Container", "PlinkoBorder", "BottomBorder"], "plinko_border_args": [992, 800], "ball_args": [{"position": [465.53537818841664, 54.88424597877844]}], "goal_args": [{"position": [367.9636575827001, 777.524331563715]}], "container_args": [{"position": [480.3716458502861, 700], "width": 80, "length": 10, "angle": -30}, {"position": [210.37164585028611, 710], "width": 50, "length": 10, "angle": 70}, {"position": [110.37164585028611, 500], "width": 68, "length": 10, "angle": 39}, {"position": [700, 500], "width": 76, "length": 10, "angle": 23}]}