{"name": "", "screen_size": [800, 1000], "bottom_border_args": [[10, 980], [790, 980]], "objects": ["Goal", "Ball", "Container", "PlinkoBorder", "BottomBorder"], "plinko_border_args": [992, 800], "ball_args": [{"position": [366.04080103830785, 54.543353315999454]}], "goal_args": [{"position": [350.5241579590028, 720.5978047406898]}], "container_args": [{"position": [490.5241579590028, 700], "width": 80, "length": 10, "angle": -30}, {"position": [140.52415795900285, 710], "width": 50, "length": 10, "angle": 70}, {"position": [100, 500], "width": 79, "length": 10, "angle": 48}, {"position": [100, 500], "width": 56, "length": 10, "angle": 11}]}