{"name": "high_nocol_nosp_8", "screen_size": [800, 1000], "tick": 315, "tick_samples": [323, 310, 311, 317, 316, 330, 335, 311, 318, 311, 358, 312, 330, 312, 321, 327, 313, 339, 332, 317, 316, 310, 321, 336, 312, 311, 359, 316, 319, 316, 348, 311, 315, 322, 327, 311, 340, 347, 310, 332, 346, 327, 316, 312, 316, 311, 335, 311, 314, 312, 311, 327, 311, 311, 330, 340, 311, 340, 340, 311, 311, 311, 311, 311, 337, 316, 331, 310, 323, 339, 312, 317, 327, 311, 341, 334, 311, 318, 310, 311, 330, 311, 320, 344, 310, 314, 336, 345, 311, 348, 336, 311, 315, 311, 311, 334, 311, 312, 339, 315], "objects": ["Ball", "Goal", "PlinkoBorder", "BottomBorder", "Container", "Container", "Container", "Container", "Container"], "ball_args": [[197.0, 95.50204623654867]], "goal_args": [[212.0, 1000.0]], "container_args": [[[226, 801], 77, 9.650974235573832, -172.42700584220776], [[488, 450], 54, -5.650575796216777, -52.15895291853385], [[445, 420], 89, 4.758682586307175, -70.1839540273963], [[475, 422], 50, -12.778977552218251, -168.1654157305216], [[551, 670], 48, 8.620785514679167, 150.99826911151595]]}