{"name": "high_nocol_nosp_6", "screen_size": [800, 1000], "tick": 382, "tick_samples": [379, 411, 380, 395, 416, 381, 413, 405, 382, 397, 397, 415, 425, 377, 386, 382, 419, 382, 412, 380, 422, 416, 405, 382, 380, 401, 415, 414, 384, 390, 377, 407, 377, 388, 414, 411, 410, 389, 380, 383, 383, 412, 412, 379, 388, 405, 408, 382, 374, 388, 406, 415, 422, 411, 416, 383, 411, 412, 382, 380, 378, 410, 378, 383, 412, 410, 418, 382, 419, 417, 380, 411, 387, 417, 386, 378, 396, 383, 379, 381, 384, 406, 379, 412, 385, 409, 411, 383, 421, 386, 380, 378, 409, 413, 416, 417, 381, 399, 411, 382], "objects": ["Ball", "Goal", "PlinkoBorder", "BottomBorder", "Container", "Container", "Container", "Container", "Container"], "ball_args": [[392.0, 282.55971217069435]], "goal_args": [[170.0, 1000.0]], "container_args": [[[280, 804], 53, 3.498917955851941, 60.751188309899675], [[308, 216], 88, 4.394166717544842, -83.95114898572274], [[373, 736], 70, -16.052638065901, 13.600439629985853], [[483, 519], 114, 15.062425726094023, 78.13619264793432], [[551, 938], 116, 18.819063664385585, 114.19040601817005]]}