{"name": "high_yescol_nosp_8", "screen_size": [800, 1000], "tick": 352, "tick_samples": [354, 348, 353, 350, 352, 352, 348, 355, 351, 349, 350, 349, 348, 332, 351, 345, 314, 352, 351, 349, 351, 349, 349, 352, 351, 350, 354, 322, 351, 349, 347, 350, 349, 346, 358, 348, 348, 348, 352, 369, 344, 361, 351, 353, 350, 370, 359, 352, 353, 351, 347, 350, 351, 351, 352, 328, 349, 351, 348, 330, 349, 328, 349, 351, 347, 350, 361, 350, 354, 352, 358, 347, 361, 352, 357, 358, 356, 347, 353, 350, 348, 349, 351, 352, 346, 352, 349, 351, 350, 351, 349, 348, 321, 351, 349, 350, 349, 314, 344, 352], "objects": ["Ball", "Goal", "PlinkoBorder", "BottomBorder", "Container", "Container", "Container", "Container", "Container"], "ball_args": [[393.0, 115.64761755131934]], "goal_args": [[64.0, 1000.0]], "container_args": [[[524, 407], 53, -13.62683342773293, 61.45811199577762], [[325, 309], 106, -4.657866133945342, -13.046270229762023], [[542, 267], 68, 6.766139200929766, -63.663300804061755], [[352, 650], 62, 1.706222448411878, -41.902189807445204], [[566, 301], 77, 15.385981705030646, -140.67085190468393]]}