{"name": "high_yescol_nosp_6", "screen_size": [800, 1000], "tick": 358, "tick_samples": [360, 358, 332, 359, 358, 358, 361, 357, 360, 358, 359, 335, 358, 341, 361, 361, 361, 359, 357, 359, 359, 358, 358, 359, 359, 347, 345, 350, 413, 359, 359, 360, 360, 361, 434, 359, 360, 361, 361, 362, 357, 359, 359, 361, 358, 357, 358, 357, 360, 362, 359, 360, 359, 359, 359, 358, 358, 358, 361, 358, 349, 361, 360, 358, 360, 361, 361, 361, 362, 315, 359, 362, 359, 330, 360, 360, 361, 358, 357, 360, 317, 359, 360, 361, 358, 361, 361, 358, 359, 358, 411, 362, 359, 358, 358, 362, 361, 359, 359, 358], "objects": ["Ball", "Goal", "PlinkoBorder", "BottomBorder", "Container", "Container", "Container", "Container", "Container"], "ball_args": [[596.0, 76.00421899987145]], "goal_args": [[70.0, 1000.0]], "container_args": [[[566, 662], 105, 6.453391756182146, -23.275690092611477], [[575, 635], 109, -0.9212349178986186, -14.453002262707107], [[371, 942], 71, -8.287751065713552, -26.187783254989167], [[495, 630], 82, -9.448643395767014, 107.65658911569935], [[586, 457], 96, -6.665604504361575, -11.643412136979649]]}