{"name": "high_nocol_nosp_7", "screen_size": [800, 1000], "tick": 325, "tick_samples": [322, 331, 326, 326, 340, 325, 328, 326, 324, 325, 334, 326, 325, 326, 329, 323, 326, 350, 328, 325, 325, 325, 326, 324, 326, 330, 326, 325, 325, 327, 329, 325, 328, 326, 325, 330, 325, 331, 331, 328, 325, 326, 323, 324, 325, 324, 325, 336, 323, 331, 325, 325, 325, 325, 326, 335, 324, 326, 343, 328, 322, 326, 324, 325, 329, 326, 326, 325, 325, 327, 324, 329, 327, 327, 325, 334, 325, 329, 332, 326, 324, 325, 328, 325, 332, 326, 326, 326, 325, 324, 324, 324, 326, 325, 324, 325, 329, 333, 328, 325], "objects": ["Ball", "Goal", "PlinkoBorder", "BottomBorder", "Container", "Container", "Container", "Container", "Container"], "ball_args": [[160.0, 251.13333878359407]], "goal_args": [[392.0, 1000.0]], "container_args": [[[329, 395], 79, -1.623255288323342, -7.62782051856307], [[275, 675], 40, -0.19265715747631934, 40.96157448797463], [[538, 682], 48, -19.716057543116566, 17.154173802069067], [[226, 936], 107, -4.297568098439084, -19.80478901757772], [[502, 381], 65, 3.278687917699712, -34.68937357158429]]}