{"name": "high_nocol_nosp_5", "screen_size": [800, 1000], "tick": 357, "tick_samples": [359, 359, 359, 359, 361, 357, 358, 361, 357, 360, 359, 359, 361, 360, 359, 359, 359, 359, 358, 358, 358, 358, 358, 356, 361, 358, 358, 357, 356, 356, 361, 357, 359, 358, 359, 360, 360, 361, 360, 359, 359, 356, 359, 358, 362, 358, 359, 356, 358, 361, 358, 358, 358, 360, 359, 358, 358, 360, 359, 359, 362, 356, 359, 359, 359, 358, 357, 359, 358, 359, 357, 359, 358, 358, 359, 359, 360, 362, 358, 359, 359, 358, 359, 358, 358, 361, 358, 359, 360, 356, 361, 357, 359, 359, 362, 359, 358, 359, 358, 357], "objects": ["Ball", "Goal", "PlinkoBorder", "BottomBorder", "Container", "Container", "Container", "Container", "Container"], "ball_args": [[139.0, 237.60591895105247]], "goal_args": [[172.0, 1000.0]], "container_args": [[[308, 668], 75, 3.683535281315567, -22.252404832113367], [[204, 802], 114, -15.299326730227632, -24.263522729236215], [[285, 854], 95, 4.546746497457325, -42.96685246540297], [[211, 375], 108, 1.9210402411267435, 98.08815234029689], [[544, 762], 111, -17.99576454019831, -3.334578238795651]]}