{"name": "high_nocol_nosp_9", "screen_size": [800, 1000], "tick": 303, "tick_samples": [303, 304, 304, 303, 304, 304, 303, 304, 303, 304, 304, 304, 304, 304, 304, 304, 304, 303, 304, 303, 303, 304, 304, 304, 304, 304, 304, 304, 303, 304, 303, 304, 303, 303, 304, 304, 304, 303, 304, 303, 304, 303, 304, 304, 303, 303, 303, 304, 304, 304, 303, 304, 304, 304, 304, 304, 304, 304, 304, 304, 304, 304, 303, 304, 304, 304, 305, 304, 303, 303, 304, 304, 304, 303, 304, 304, 304, 304, 304, 303, 304, 304, 303, 304, 304, 304, 303, 304, 304, 303, 304, 304, 304, 304, 304, 304, 304, 304, 304, 303], "objects": ["Ball", "Goal", "PlinkoBorder", "BottomBorder", "Container", "Container", "Container", "Container", "Container"], "ball_args": [[591.0, 71.21914067501868]], "goal_args": [[40.0, 1000.0]], "container_args": [[[218, 725], 45, 11.116859844701676, 7.732846033634518], [[284, 859], 98, 18.73651086366543, 10.711887991682287], [[308, 551], 86, 0.20019136457794323, 182.4326859387482], [[409, 385], 55, 13.76413328361954, 117.77886584138726], [[573, 599], 75, 0.1059709074902404, 14.490619106169168]]}