{"name": "high_yescol_nosp_5", "screen_size": [800, 1000], "tick": 374, "tick_samples": [373, 375, 374, 373, 374, 374, 374, 374, 374, 374, 373, 374, 380, 375, 374, 373, 374, 374, 375, 375, 374, 374, 373, 374, 374, 374, 374, 374, 374, 375, 374, 384, 374, 374, 374, 374, 373, 374, 375, 375, 373, 375, 374, 374, 374, 374, 374, 374, 375, 373, 375, 374, 375, 374, 373, 373, 374, 378, 374, 373, 374, 374, 373, 374, 374, 374, 374, 374, 374, 375, 374, 374, 373, 374, 374, 374, 374, 374, 374, 374, 374, 376, 374, 374, 375, 374, 375, 374, 374, 374, 373, 374, 373, 374, 374, 374, 374, 375, 363, 374], "objects": ["Ball", "Goal", "PlinkoBorder", "BottomBorder", "Container", "Container", "Container", "Container", "Container"], "ball_args": [[418.0, 60.34418170469825]], "goal_args": [[301.0, 1000.0]], "container_args": [[[563, 375], 115, -0.3348138505011706, -24.69457853695884], [[318, 632], 96, -7.239275988861269, 39.9265937297167], [[475, 516], 104, 14.717368123561537, -7.487325568287351], [[317, 801], 119, 13.663288689958112, 122.66179434248411], [[532, 802], 67, -11.328567125306053, -69.87250687707694]]}