{"name": "high_yescol_nosp_10", "screen_size": [800, 1000], "tick": 404, "tick_samples": [407, 406, 373, 407, 407, 446, 407, 405, 410, 406, 405, 405, 406, 407, 440, 409, 368, 407, 406, 405, 407, 405, 407, 406, 408, 407, 407, 410, 406, 407, 406, 405, 407, 406, 406, 405, 448, 406, 407, 406, 405, 406, 407, 407, 408, 406, 406, 409, 405, 409, 406, 406, 404, 406, 405, 404, 404, 407, 412, 405, 408, 406, 371, 407, 406, 408, 407, 407, 407, 407, 407, 406, 403, 340, 406, 409, 404, 407, 421, 406, 407, 406, 408, 445, 405, 405, 405, 405, 409, 419, 405, 407, 406, 407, 408, 406, 343, 406, 407, 404], "objects": ["Ball", "Goal", "PlinkoBorder", "BottomBorder", "Container", "Container", "Container", "Container", "Container"], "ball_args": [[291.0, 126.00423623183784]], "goal_args": [[274.0, 1000.0]], "container_args": [[[256, 312], 58, 1.4776699284356252, 56.15738944861221], [[482, 484], 64, -1.0166298928722353, -13.28930640027622], [[544, 251], 96, 12.493994303639484, -55.77939593293389], [[534, 366], 53, -2.0927874078718336, 118.56095399119447], [[527, 811], 85, 16.593769442782335, 126.90218132552464]]}