{"name": "high_yescol_nosp_7", "screen_size": [800, 1000], "tick": 329, "tick_samples": [324, 324, 325, 325, 324, 325, 325, 323, 325, 325, 326, 326, 326, 326, 325, 324, 329, 324, 325, 342, 325, 323, 325, 324, 326, 326, 325, 325, 323, 325, 326, 326, 360, 326, 325, 325, 325, 325, 326, 324, 325, 324, 325, 325, 325, 325, 324, 356, 323, 422, 329, 326, 326, 341, 324, 324, 323, 324, 325, 324, 324, 323, 324, 325, 326, 326, 326, 327, 324, 325, 324, 325, 324, 325, 325, 325, 323, 324, 325, 326, 325, 324, 325, 326, 422, 325, 325, 324, 438, 324, 325, 326, 325, 326, 326, 325, 325, 324, 330, 329], "objects": ["Ball", "Goal", "PlinkoBorder", "BottomBorder", "Container", "Container", "Container", "Container", "Container"], "ball_args": [[458.0, 59.869857156435515]], "goal_args": [[637.0, 1000.0]], "container_args": [[[510, 751], 56, -5.122607091891319, 135.412913612966], [[287, 416], 55, -1.5111125776847125, 43.5783896951694], [[275, 519], 41, 17.54794368835173, -19.704606338729047], [[431, 227], 106, 0.504602909659697, 8.340898953189589], [[294, 818], 92, -7.827331196450431, -144.9310146718002]]}