{"name": "high_nocol_nosp_10", "screen_size": [800, 1000], "tick": 305, "tick_samples": [305, 305, 305, 305, 305, 304, 305, 305, 305, 305, 305, 305, 305, 305, 305, 305, 305, 305, 304, 305, 305, 305, 305, 305, 304, 305, 304, 305, 305, 305, 305, 305, 304, 305, 305, 305, 305, 305, 305, 304, 305, 304, 305, 304, 305, 305, 305, 305, 305, 304, 305, 304, 305, 305, 304, 304, 304, 305, 305, 305, 305, 305, 305, 305, 305, 305, 305, 305, 305, 305, 304, 305, 305, 305, 304, 305, 305, 305, 305, 305, 305, 305, 305, 304, 305, 305, 305, 305, 304, 304, 305, 305, 305, 304, 305, 304, 305, 305, 305, 305], "objects": ["Ball", "Goal", "PlinkoBorder", "BottomBorder", "Container", "Container", "Container", "Container", "Container"], "ball_args": [[177.0, 53.062556713344655]], "goal_args": [[652.0, 1000.0]], "container_args": [[[526, 417], 97, -4.819357594559548, -31.538181531241985], [[284, 281], 64, -2.703282986081275, 144.28350963455847], [[217, 527], 114, -14.062911987838264, -13.668301418589031], [[286, 415], 118, -1.8437563400629657, -93.20394424576338], [[526, 860], 65, -7.18791655978117, 23.33261421259328]]}