{"name": "high_yescol_nosp_9", "screen_size": [800, 1000], "tick": 366, "tick_samples": [366, 367, 375, 367, 368, 366, 366, 366, 367, 367, 367, 366, 366, 367, 366, 366, 367, 366, 367, 367, 366, 366, 366, 443, 366, 366, 380, 366, 366, 366, 366, 367, 366, 366, 367, 371, 366, 367, 366, 366, 366, 373, 366, 366, 366, 370, 366, 366, 366, 365, 366, 366, 367, 366, 366, 366, 367, 448, 366, 367, 366, 369, 367, 377, 366, 366, 370, 366, 367, 366, 369, 366, 367, 366, 366, 367, 367, 366, 366, 367, 373, 366, 367, 366, 366, 366, 366, 366, 369, 373, 367, 366, 366, 369, 366, 366, 366, 366, 368, 366], "objects": ["Ball", "Goal", "PlinkoBorder", "BottomBorder", "Container", "Container", "Container", "Container", "Container"], "ball_args": [[155.0, 55.061767497951145]], "goal_args": [[161.0, 1000.0]], "container_args": [[[524, 927], 69, 11.991750527365404, 28.196344910625246], [[205, 414], 104, -5.4592444032689595, 20.502633448672817], [[538, 643], 108, -2.75839507773521, 98.98546519219597], [[500, 404], 68, 22.932826364847678, -24.50675802666435], [[403, 933], 86, -14.717163431456049, -25.963655704280427]]}