{"name": "low_yescol_nosp_6", "screen_size": [800, 1000], "tick": 91, "tick_samples": [88, 86, 86, 87, 92, 90, 84, 85, 82, 94, 120, 95, 84, 85, 87, 84, 90, 86, 89, 92, 93, 83, 87, 83, 86, 98, 81, 85, 80, 92, 90, 87, 87, 79, 90, 91, 92, 79, 80, 81, 73, 89, 86, 94, 88, 81, 78, 86, 96, 85, 83, 88, 90, 90, 87, 83, 92, 86, 81, 85, 88, 79, 91, 91, 88, 82, 84, 82, 89, 95, 90, 87, 84, 94, 82, 83, 84, 86, 85, 82, 91, 88, 83, 87, 84, 86, 83, 90, 92, 79, 91, 90, 78, 88, 90, 84, 85, 82, 88, 91], "objects": ["Ball", "Goal", "PlinkoBorder", "BottomBorder", "Container", "Container", "Container", "Container", "Container"], "ball_args": [[422.0, 795.5481809276382]], "goal_args": [[300.0, 1000.0]], "container_args": [[[519, 675], 72, 2.6405663846858185, 8.19793901945563], [[235, 479], 110, 4.545463173168941, 120.9919181538578], [[452, 939], 82, 12.915870656307726, -58.461402392936016], [[475, 925], 64, 9.758758179004793, 145.98859075082706], [[416, 260], 86, -10.67869432106857, -42.24640078461765]]}