{"name": "low_nocol_nosp_6", "screen_size": [800, 1000], "tick": 94, "tick_samples": [98, 105, 93, 98, 111, 102, 104, 97, 98, 96, 1, 107, 101, 94, 98, 94, 99, 94, 105, 102, 98, 1, 104, 98, 64, 98, 103, 102, 96, 102, 97, 1, 98, 99, 103, 94, 108, 107, 98, 112, 112, 101, 1, 112, 95, 103, 99, 105, 95, 1, 97, 105, 97, 97, 99, 97, 99, 111, 103, 99, 101, 95, 94, 101, 101, 95, 97, 97, 64, 97, 93, 107, 96, 100, 105, 107, 98, 102, 105, 101, 98, 98, 107, 103, 95, 100, 99, 91, 100, 106, 98, 94, 106, 101, 110, 97, 100, 98, 98, 94], "objects": ["Ball", "Goal", "PlinkoBorder", "BottomBorder", "Container", "Container", "Container", "Container", "Container"], "ball_args": [[133.0, 783.1509752643493]], "goal_args": [[370.0, 1000.0]], "container_args": [[[365, 382], 104, -3.8602974717466316, -39.25299960992274], [[556, 682], 94, 3.5317445260401863, 58.6675411983792], [[272, 683], 50, 8.843271452312234, 7.331756956961311], [[218, 745], 118, -2.9691837192285915, 140.8321628211782], [[347, 363], 53, 2.335273315640827, 97.09536691215231]]}