{"name": "low_nocol_nosp_10", "screen_size": [800, 1000], "tick": 124, "tick_samples": [122, 117, 120, 121, 125, 121, 113, 113, 123, 113, 111, 121, 121, 126, 113, 109, 121, 125, 115, 121, 121, 117, 118, 122, 115, 121, 118, 111, 107, 112, 121, 116, 125, 118, 112, 116, 120, 113, 121, 120, 112, 114, 126, 110, 120, 118, 114, 115, 120, 116, 114, 119, 123, 114, 115, 113, 111, 115, 116, 120, 124, 124, 114, 124, 122, 125, 127, 112, 119, 115, 121, 122, 127, 131, 125, 117, 118, 122, 119, 121, 112, 119, 122, 119, 121, 124, 122, 117, 125, 120, 111, 114, 119, 111, 125, 121, 122, 122, 126, 124], "objects": ["Ball", "Goal", "PlinkoBorder", "BottomBorder", "Container", "Container", "Container", "Container", "Container"], "ball_args": [[575.0, 702.1700081230505]], "goal_args": [[614.0, 1000.0]], "container_args": [[[548, 748], 83, -1.7314885799111346, 41.703798517521754], [[444, 800], 76, 3.0504461835382637, -19.41414304608452], [[208, 612], 74, -17.046147345422114, -64.82389368645094], [[420, 946], 71, 7.732154811834101, -18.190667784373318], [[358, 931], 104, 4.473525395879776, 65.62674860897151]]}