{"name": "low_nocol_yessp_5", "screen_size": [800, 1000], "tick": 29, "tick_samples": [28, 37, 31, 23, 42, 33, 25, 28, 30, 28, 13, 28, 35, 30, 30, 34, 23, 38, 34, 30, 17, 32, 29, 29, 17, 34, 45, 36, 35, 29, 36, 24, 33, 33, 32, 40, 38, 16, 16, 34, 34, 36, 20, 33, 28, 30, 31, 26, 40, 41, 40, 28, 33, 30, 38, 32, 30, 46, 31, 33, 25, 29, 37, 26, 22, 37, 31, 32, 31, 40, 41, 37, 36, 40, 11, 26, 26, 30, 47, 24, 38, 26, 30, 23, 29, 32, 37, 41, 37, 31, 22, 42, 36, 22, 34, 33, 24, 34, 42, 29], "objects": ["Ball", "Goal", "PlinkoBorder", "BottomBorder", "Container", "Container", "Container", "Container", "Container"], "ball_args": [[132.0, 930.2211102609455]], "goal_args": [[760.0, 1000.0]], "container_args": [[[485, 383], 97, -1.8036310218014004, 55.86050749687976], [[456, 315], 66, 3.5746112323842194, -74.97593196909669], [[547, 725], 55, -14.644660954626715, 52.96593306229689], [[268, 828], 76, -5.924144654527959, 106.54587861382467], [[371, 519], 100, -8.975564859151596, 33.954205350215155]]}