{"name": "low_yescol_yessp_6", "screen_size": [800, 1000], "tick": 91, "tick_samples": [83, 88, 87, 87, 87, 89, 88, 93, 82, 90, 86, 88, 83, 85, 83, 87, 90, 83, 86, 89, 87, 91, 86, 86, 84, 84, 92, 88, 88, 87, 90, 83, 87, 84, 84, 83, 91, 84, 88, 86, 89, 85, 88, 91, 90, 86, 84, 89, 87, 87, 88, 88, 85, 85, 82, 91, 91, 86, 83, 82, 85, 87, 88, 87, 86, 88, 87, 84, 88, 90, 86, 86, 85, 84, 89, 87, 87, 90, 84, 81, 88, 82, 89, 91, 91, 94, 86, 87, 88, 85, 88, 88, 85, 90, 89, 85, 86, 88, 86, 91], "objects": ["Ball", "Goal", "PlinkoBorder", "BottomBorder", "Container", "Container", "Container", "Container", "Container"], "ball_args": [[87.0, 682.6839347756332]], "goal_args": [[87.0, 1000.0]], "container_args": [[[538, 320], 73, 10.056423084689692, -62.55576840068312], [[218, 913], 97, 0.819301640461121, -151.89436739180164], [[379, 587], 78, -5.343847411895176, 36.990954506684275], [[569, 236], 43, -6.191749018949269, -74.42759782374361], [[204, 318], 43, -4.5578647382380915, -150.77740338479484]]}