{"name": "low_nocol_nosp_8", "screen_size": [800, 1000], "tick": 109, "tick_samples": [114, 116, 108, 112, 112, 108, 110, 106, 109, 89, 91, 112, 111, 110, 110, 107, 111, 115, 113, 88, 88, 111, 89, 110, 114, 82, 112, 90, 90, 91, 89, 113, 116, 94, 90, 116, 87, 85, 91, 109, 88, 114, 109, 113, 118, 83, 112, 92, 88, 112, 112, 89, 112, 89, 113, 110, 109, 91, 90, 88, 113, 114, 109, 89, 89, 115, 90, 113, 113, 88, 113, 89, 87, 90, 89, 87, 86, 112, 85, 88, 88, 81, 114, 89, 88, 88, 112, 89, 111, 114, 106, 109, 88, 92, 113, 111, 114, 89, 90, 109], "objects": ["Ball", "Goal", "PlinkoBorder", "BottomBorder", "Container", "Container", "Container", "Container", "Container"], "ball_args": [[495.0, 701.981218101816]], "goal_args": [[43.0, 1000.0]], "container_args": [[[536, 294], 44, 11.073500109936148, -187.92038502339577], [[406, 448], 82, 11.86131031801214, 63.52478528996489], [[374, 435], 48, -1.517800321056923, -26.837615092925297], [[526, 661], 69, 2.2981485801539296, 14.877618957935788], [[514, 673], 102, 0.18385319717828583, 126.66505293984301]]}