{"name": "low_yescol_yessp_10", "screen_size": [800, 1000], "tick": 35, "tick_samples": [29, 28, 30, 35, 39, 23, 42, 27, 1, 35, 23, 26, 28, 33, 1, 39, 31, 28, 16, 27, 23, 38, 41, 28, 15, 35, 29, 28, 42, 30, 3, 33, 16, 30, 26, 24, 24, 30, 1, 33, 30, 30, 33, 17, 34, 17, 43, 1, 40, 33, 26, 22, 44, 28, 29, 27, 30, 40, 38, 26, 1, 26, 26, 22, 19, 21, 22, 34, 29, 39, 23, 26, 1, 33, 36, 33, 16, 39, 40, 39, 19, 23, 36, 26, 30, 26, 31, 37, 14, 34, 29, 24, 21, 27, 39, 35, 13, 23, 25, 35], "objects": ["Ball", "Goal", "PlinkoBorder", "BottomBorder", "Container", "Container", "Container", "Container", "Container"], "ball_args": [[232.0, 894.2168670827749]], "goal_args": [[232.0, 1000.0]], "container_args": [[[464, 868], 115, 9.36949223554896, 55.05923698797104], [[290, 694], 70, -4.396076155386298, 7.495841369962057], [[218, 823], 51, -3.5603023823855113, -58.78024787875141], [[322, 507], 52, -9.376169762147587, -58.57333642587275], [[323, 415], 105, 1.1978433602156464, -0.8957502978761451]]}