{"name": "low_nocol_yessp_6", "screen_size": [800, 1000], "tick": 71, "tick_samples": [73, 67, 73, 74, 66, 71, 76, 69, 74, 71, 69, 72, 75, 68, 69, 71, 71, 75, 67, 62, 63, 70, 69, 67, 71, 69, 76, 73, 67, 72, 66, 68, 72, 74, 74, 76, 66, 71, 74, 79, 69, 68, 68, 71, 68, 66, 70, 71, 66, 68, 77, 73, 69, 70, 62, 72, 69, 67, 68, 68, 75, 67, 64, 73, 75, 80, 73, 72, 75, 69, 69, 65, 67, 75, 75, 74, 73, 72, 72, 76, 71, 72, 74, 68, 71, 71, 76, 68, 61, 64, 70, 69, 68, 73, 70, 76, 67, 74, 71, 71], "objects": ["Ball", "Goal", "PlinkoBorder", "BottomBorder", "Container", "Container", "Container", "Container", "Container"], "ball_args": [[635.0, 800.6320583882853]], "goal_args": [[413.0, 1000.0]], "container_args": [[[571, 506], 62, 15.796010709315949, -105.43029346664815], [[586, 916], 114, 8.618180363953241, 85.77168152998094], [[476, 724], 65, 8.106088056267334, 107.56283181844789], [[469, 734], 77, -1.0756021579903288, -65.00758755093109], [[215, 618], 107, -11.741589872337052, -159.4229549383096]]}