{"name": "low_nocol_yessp_10", "screen_size": [800, 1000], "tick": 54, "tick_samples": [52, 45, 44, 47, 46, 43, 45, 52, 52, 38, 43, 51, 33, 44, 45, 48, 45, 57, 39, 44, 45, 47, 38, 42, 52, 49, 28, 48, 48, 46, 49, 42, 47, 47, 54, 44, 45, 45, 42, 49, 38, 41, 55, 42, 47, 32, 51, 52, 40, 45, 40, 38, 40, 39, 50, 41, 50, 46, 48, 27, 52, 51, 47, 39, 36, 37, 42, 43, 39, 47, 46, 43, 46, 37, 59, 49, 47, 48, 43, 41, 36, 42, 51, 38, 44, 43, 50, 41, 54, 39, 46, 38, 47, 37, 40, 49, 54, 14, 45, 54], "objects": ["Ball", "Goal", "PlinkoBorder", "BottomBorder", "Container", "Container", "Container", "Container", "Container"], "ball_args": [[389.0, 900.0814538016008]], "goal_args": [[160.0, 1000.0]], "container_args": [[[375, 780], 40, 4.853465406963352, 101.8363707613937], [[598, 756], 62, 4.681577899147101, -38.68396255178362], [[520, 298], 83, -7.94793769957767, 8.278964769086004], [[249, 610], 94, 4.595634892320693, -57.04301746043221], [[440, 640], 106, 8.043201032978143, 170.7929839711552]]}