{"name": "low_yescol_yessp_7", "screen_size": [800, 1000], "tick": 70, "tick_samples": [72, 70, 72, 63, 70, 69, 66, 70, 70, 72, 73, 73, 67, 65, 71, 67, 66, 69, 75, 68, 65, 71, 73, 66, 64, 70, 65, 69, 72, 72, 70, 69, 72, 67, 71, 69, 70, 73, 70, 63, 71, 69, 74, 68, 67, 68, 74, 66, 73, 73, 68, 69, 70, 75, 70, 63, 65, 69, 68, 66, 67, 74, 65, 71, 71, 66, 76, 66, 67, 66, 71, 72, 68, 68, 68, 70, 72, 69, 71, 70, 67, 67, 72, 72, 67, 65, 74, 74, 70, 71, 67, 66, 72, 64, 77, 66, 66, 68, 67, 70], "objects": ["Ball", "Goal", "PlinkoBorder", "BottomBorder", "Container", "Container", "Container", "Container", "Container"], "ball_args": [[591.0, 763.236735124427]], "goal_args": [[591.0, 1000.0]], "container_args": [[[265, 473], 93, 15.317086914136267, -39.023283060377466], [[494, 888], 60, -14.95274954859861, -74.31939459356012], [[229, 777], 94, 9.132888673024341, 74.96750705284032], [[276, 826], 82, 8.032127782643343, 37.23466703080504], [[334, 346], 64, 4.228888827282626, -52.00010394799186]]}