{"name": "low_yescol_nosp_7", "screen_size": [800, 1000], "tick": 63, "tick_samples": [67, 64, 72, 67, 65, 65, 64, 62, 59, 69, 69, 65, 67, 67, 62, 65, 68, 70, 68, 67, 65, 64, 68, 71, 64, 72, 62, 69, 68, 62, 66, 63, 67, 66, 62, 63, 65, 66, 70, 65, 67, 59, 64, 64, 64, 71, 66, 67, 78, 59, 68, 67, 59, 68, 71, 63, 66, 64, 66, 65, 69, 65, 58, 63, 69, 66, 67, 66, 65, 71, 72, 67, 70, 71, 63, 62, 63, 65, 66, 69, 62, 61, 59, 69, 61, 69, 64, 72, 67, 66, 61, 69, 67, 64, 59, 62, 63, 67, 70, 63], "objects": ["Ball", "Goal", "PlinkoBorder", "BottomBorder", "Container", "Container", "Container", "Container", "Container"], "ball_args": [[371.0, 783.1728502623525]], "goal_args": [[340.0, 1000.0]], "container_args": [[[450, 732], 101, -8.159054928533061, 45.50616640051215], [[496, 685], 63, -1.7104039062485286, 185.7088583727998], [[262, 243], 64, 22.06625683134685, -93.18008534714443], [[382, 844], 96, -10.014386508582607, -83.45793659982303], [[505, 519], 51, -11.828157093931457, 103.39971871482027]]}