{"name": "low_nocol_yessp_7", "screen_size": [800, 1000], "tick": 80, "tick_samples": [82, 80, 82, 73, 84, 80, 82, 80, 84, 81, 80, 83, 80, 85, 76, 82, 88, 78, 87, 80, 79, 75, 80, 84, 83, 82, 82, 82, 77, 84, 75, 80, 81, 82, 76, 76, 80, 79, 82, 80, 80, 81, 71, 83, 86, 75, 81, 81, 84, 83, 79, 82, 76, 81, 86, 79, 82, 76, 82, 82, 78, 75, 78, 83, 81, 83, 83, 79, 83, 82, 82, 88, 75, 82, 79, 84, 79, 79, 78, 79, 78, 78, 80, 84, 83, 79, 85, 80, 79, 79, 71, 79, 82, 84, 80, 82, 75, 87, 79, 80], "objects": ["Ball", "Goal", "PlinkoBorder", "BottomBorder", "Container", "Container", "Container", "Container", "Container"], "ball_args": [[348.0, 757.184266344168]], "goal_args": [[54.0, 1000.0]], "container_args": [[[419, 555], 76, 17.88554631039824, -127.33435137408465], [[486, 929], 58, -10.201151164186431, 146.34425861975657], [[383, 436], 54, 8.563648427055146, -160.36226078354082], [[574, 758], 54, 13.537973059555853, 58.43465654878125], [[542, 530], 40, -11.314726766887823, 192.5345580893121]]}