{"name": "low_yescol_nosp_9", "screen_size": [800, 1000], "tick": 106, "tick_samples": [106, 106, 118, 111, 105, 103, 106, 105, 104, 100, 106, 107, 118, 100, 113, 102, 103, 103, 106, 105, 103, 104, 102, 105, 109, 105, 106, 101, 113, 107, 106, 108, 106, 105, 106, 105, 110, 103, 102, 107, 101, 104, 102, 101, 103, 104, 106, 106, 102, 109, 104, 106, 104, 102, 105, 104, 103, 106, 132, 103, 106, 110, 106, 106, 103, 105, 101, 104, 104, 108, 102, 106, 108, 106, 107, 107, 103, 107, 105, 111, 104, 105, 104, 121, 104, 104, 103, 101, 108, 106, 102, 107, 102, 103, 110, 104, 104, 104, 100, 106], "objects": ["Ball", "Goal", "PlinkoBorder", "BottomBorder", "Container", "Container", "Container", "Container", "Container"], "ball_args": [[350.0, 683.7339598773165]], "goal_args": [[496.0, 1000.0]], "container_args": [[[214, 454], 97, 20.349471554403976, 45.40408489366675], [[547, 777], 43, 13.282113739394033, 68.01151187839118], [[513, 491], 113, -0.8031195401555316, -153.41535391747277], [[442, 752], 107, 6.984324748218569, 50.830932349366684], [[333, 911], 56, -8.909505066981712, -133.1804562982791]]}