{"name": "low_nocol_yessp_9", "screen_size": [800, 1000], "tick": 88, "tick_samples": [85, 92, 89, 88, 92, 92, 87, 89, 87, 89, 81, 88, 84, 87, 88, 92, 84, 91, 88, 87, 86, 89, 84, 85, 85, 88, 83, 85, 90, 90, 84, 85, 90, 85, 87, 90, 84, 88, 91, 85, 87, 85, 87, 92, 88, 90, 82, 92, 86, 86, 90, 91, 88, 83, 87, 87, 90, 88, 81, 84, 87, 90, 84, 85, 89, 87, 89, 87, 84, 88, 87, 83, 89, 84, 82, 90, 84, 87, 86, 90, 83, 86, 84, 89, 90, 90, 80, 88, 87, 85, 89, 83, 81, 85, 89, 91, 86, 88, 85, 88], "objects": ["Ball", "Goal", "PlinkoBorder", "BottomBorder", "Container", "Container", "Container", "Container", "Container"], "ball_args": [[736.0, 723.3682115874262]], "goal_args": [[40.0, 1000.0]], "container_args": [[[334, 905], 107, 5.734485114542741, 122.59077493995804], [[471, 563], 82, 4.593149986395811, 158.69994188838047], [[257, 802], 102, -28.101696713045317, -104.48931845358834], [[272, 844], 41, 5.5187161309764186, 93.07814691856358], [[545, 279], 62, -3.6588688990046228, -41.26334627537478]]}