{"name": "low_yescol_yessp_2", "screen_size": [800, 1000], "tick": 1, "tick_samples": [22, 6, 24, 1, 1, 1, 17, 1, 1, 20, 1, 25, 1, 28, 1, 24, 1, 14, 5, 20, 1, 17, 14, 1, 1, 22, 1, 1, 1, 5, 1, 1, 3, 31, 1, 1, 1, 9, 1, 1, 17, 23, 1, 1, 22, 12, 1, 1, 1, 1, 1, 33, 1, 1, 18, 19, 24, 1, 1, 5, 1, 28, 1, 1, 30, 1, 25, 1, 9, 1, 18, 1, 24, 1, 16, 1, 30, 1, 1, 1, 1, 23, 24, 1, 1, 1, 1, 25, 15, 4, 1, 1, 1, 19, 1, 1, 1, 11, 6, 1], "objects": ["Ball", "Goal", "PlinkoBorder", "BottomBorder", "Container", "Container", "Container", "Container", "Container"], "ball_args": [[55.0, 931.64767777404]], "goal_args": [[55.0, 1000.0]], "container_args": [[[331, 589], 68, -6.489973327405359, -24.66645145343061], [[418, 388], 109, -10.825003935122353, -5.467807459599921], [[521, 640], 119, 19.047972885231786, -72.85151645278631], [[485, 392], 48, -0.36492561747342467, -42.59335750201395], [[530, 288], 108, 11.808717555817985, -89.8938071381521]]}