{"name": "low_yescol_nosp_5", "screen_size": [800, 1000], "tick": 33, "tick_samples": [20, 31, 38, 1, 34, 26, 41, 35, 7, 30, 39, 20, 34, 35, 33, 29, 12, 20, 30, 19, 37, 34, 19, 8, 26, 33, 39, 40, 9, 10, 22, 29, 34, 33, 22, 10, 44, 19, 35, 28, 38, 17, 40, 33, 26, 33, 38, 23, 44, 28, 16, 38, 21, 29, 35, 1, 29, 41, 35, 41, 34, 31, 45, 45, 17, 38, 37, 1, 38, 27, 142, 35, 29, 25, 30, 45, 17, 38, 12, 33, 23, 27, 14, 30, 21, 10, 22, 1, 41, 19, 20, 22, 15, 21, 20, 23, 20, 39, 26, 33], "objects": ["Ball", "Goal", "PlinkoBorder", "BottomBorder", "Container", "Container", "Container", "Container", "Container"], "ball_args": [[251.0, 902.1749667989972]], "goal_args": [[305.0, 1000.0]], "container_args": [[[376, 563], 81, 9.26273472613475, -76.2820196570816], [[231, 938], 108, -1.5268715596595461, 59.7134614364273], [[268, 892], 50, 4.492535088971275, -119.63895164388228], [[353, 886], 99, 3.756522820523857, 109.06314233485655], [[331, 626], 113, -11.638061090291396, 54.375556646008235]]}