{"name": "low_yescol_nosp_2", "screen_size": [800, 1000], "tick": 49, "tick_samples": [46, 47, 47, 52, 53, 56, 50, 57, 52, 48, 52, 54, 55, 51, 59, 46, 55, 53, 54, 60, 61, 49, 44, 46, 46, 60, 45, 44, 49, 53, 51, 54, 55, 48, 51, 51, 47, 59, 54, 56, 47, 53, 56, 56, 58, 49, 51, 46, 51, 50, 51, 44, 45, 39, 56, 50, 52, 43, 56, 56, 52, 52, 49, 53, 49, 46, 48, 40, 49, 57, 49, 51, 45, 45, 50, 44, 53, 51, 38, 45, 60, 48, 53, 53, 63, 41, 51, 60, 49, 42, 49, 56, 48, 51, 50, 52, 59, 53, 47, 49], "objects": ["Ball", "Goal", "PlinkoBorder", "BottomBorder", "Container", "Container", "Container", "Container", "Container"], "ball_args": [[232.0, 840.5593017360081]], "goal_args": [[237.0, 1000.0]], "container_args": [[[490, 868], 75, -23.417268978298363, -14.006944643009545], [[556, 297], 119, 5.891902656979068, -46.855044509995395], [[480, 906], 86, -0.6866510358611457, -176.84070801929698], [[230, 929], 82, 0.16439197666066105, 71.9357548545805], [[542, 920], 101, 5.005936269340116, 99.84577448873317]]}