{"name": "low_nocol_nosp_5", "screen_size": [800, 1000], "tick": 110, "tick_samples": [102, 102, 107, 110, 109, 106, 106, 103, 107, 113, 109, 105, 107, 108, 111, 105, 111, 104, 101, 105, 108, 107, 106, 108, 102, 102, 105, 109, 107, 103, 102, 107, 107, 106, 103, 110, 109, 106, 103, 106, 106, 101, 112, 103, 106, 106, 105, 104, 107, 103, 107, 110, 102, 105, 113, 104, 103, 110, 105, 107, 104, 99, 102, 114, 107, 104, 109, 105, 103, 104, 112, 102, 103, 113, 122, 105, 104, 101, 108, 114, 118, 101, 109, 99, 111, 116, 107, 106, 105, 118, 111, 103, 107, 105, 102, 103, 107, 110, 104, 110], "objects": ["Ball", "Goal", "PlinkoBorder", "BottomBorder", "Container", "Container", "Container", "Container", "Container"], "ball_args": [[235.0, 684.6188479574017]], "goal_args": [[235.0, 1000.0]], "container_args": [[[392, 659], 52, 6.722480832033617, 232.83957334703382], [[469, 413], 119, -1.7657617842058246, 139.59314452053843], [[453, 826], 115, 2.174357285419695, 13.384903143591352], [[259, 710], 93, 1.16149758558334, -60.582058439195954], [[394, 813], 90, -9.205900532185245, 18.676296834933154]]}