{"name": "low_nocol_yessp_8", "screen_size": [800, 1000], "tick": 45, "tick_samples": [46, 50, 38, 37, 42, 48, 52, 42, 40, 43, 43, 32, 39, 32, 20, 43, 33, 32, 36, 40, 35, 41, 38, 49, 47, 34, 46, 37, 34, 37, 47, 41, 31, 52, 31, 39, 45, 55, 43, 46, 35, 42, 42, 50, 36, 46, 44, 38, 45, 36, 39, 47, 57, 47, 46, 37, 52, 44, 29, 30, 43, 38, 38, 46, 45, 40, 43, 48, 29, 48, 43, 49, 41, 43, 38, 40, 43, 37, 42, 35, 41, 43, 47, 46, 46, 39, 37, 47, 38, 35, 39, 39, 45, 48, 35, 41, 42, 40, 54, 45], "objects": ["Ball", "Goal", "PlinkoBorder", "BottomBorder", "Container", "Container", "Container", "Container", "Container"], "ball_args": [[518.0, 907.6932938353234]], "goal_args": [[116.0, 1000.0]], "container_args": [[[309, 526], 52, -4.69350302705762, -1.9707321022865474], [[433, 605], 61, -7.1227787368343485, -14.843162344449668], [[574, 234], 98, 14.41147867241064, -0.1624755445037104], [[433, 578], 71, -12.704694122270727, -50.366624429728816], [[337, 230], 52, 9.960258266894115, 64.62817894400983]]}