{"name": "low_yescol_yessp_1", "screen_size": [800, 1000], "tick": 31, "tick_samples": [1, 9, 17, 7, 1, 1, 1, 1, 1, 1, 1, 1, 1, 1, 15, 1, 1, 33, 24, 1, 1, 12, 1, 1, 1, 1, 1, 1, 1, 1, 1, 1, 1, 1, 1, 1, 1, 1, 1, 1, 1, 1, 12, 1, 1, 1, 1, 1, 1, 1, 1, 1, 1, 1, 27, 1, 1, 1, 1, 1, 1, 1, 1, 1, 1, 1, 14, 1, 1, 1, 1, 1, 1, 1, 1, 1, 1, 1, 1, 1, 1, 1, 1, 1, 1, 19, 1, 1, 1, 1, 1, 1, 1, 7, 1, 1, 23, 1, 1, 31], "objects": ["Ball", "Goal", "PlinkoBorder", "BottomBorder", "Container", "Container", "Container", "Container", "Container"], "ball_args": [[761.0, 945.1356645004862]], "goal_args": [[761.0, 1000.0]], "container_args": [[[433, 407], 76, -4.0829180368061815, -84.4242265958228], [[393, 473], 115, 7.490294827236107, -182.17285666085323], [[504, 515], 118, 14.496571782283269, -29.87854370724514], [[549, 567], 52, -0.36780070805425435, -20.327523712188547], [[302, 361], 78, -7.673951999374121, -104.52074899725406]]}