{"name": "low_yescol_nosp_10", "screen_size": [800, 1000], "tick": 97, "tick_samples": [93, 91, 99, 96, 100, 99, 96, 96, 94, 89, 96, 93, 94, 97, 93, 95, 98, 95, 94, 93, 97, 95, 97, 93, 94, 95, 96, 86, 97, 99, 94, 97, 94, 94, 92, 97, 93, 91, 97, 95, 95, 91, 94, 92, 95, 94, 100, 91, 96, 95, 91, 91, 92, 95, 96, 95, 92, 95, 97, 94, 92, 96, 95, 89, 93, 95, 93, 97, 96, 93, 96, 93, 90, 93, 98, 93, 98, 95, 97, 94, 93, 92, 96, 97, 96, 97, 87, 96, 97, 93, 96, 93, 89, 94, 96, 95, 94, 94, 94, 97], "objects": ["Ball", "Goal", "PlinkoBorder", "BottomBorder", "Container", "Container", "Container", "Container", "Container"], "ball_args": [[245.0, 675.8846914183416]], "goal_args": [[211.0, 1000.0]], "container_args": [[[386, 791], 71, 29.409935605251075, 10.258834542149014], [[264, 880], 42, -4.843255401912928, 121.12853036754008], [[325, 539], 97, -7.2347486504186875, 41.0029273197932], [[497, 469], 119, -13.444824663090252, -238.11611885922375], [[328, 216], 112, 1.8076663282744287, -91.53966640156021]]}