{"name": "low_yescol_yessp_5", "screen_size": [800, 1000], "tick": 1, "tick_samples": [1, 1, 1, 20, 34, 1, 1, 17, 13, 14, 25, 26, 27, 17, 1, 1, 1, 12, 22, 1, 29, 25, 27, 9, 1, 21, 34, 1, 27, 1, 3, 1, 13, 1, 26, 27, 1, 24, 9, 10, 14, 1, 11, 5, 1, 21, 27, 1, 1, 1, 1, 23, 37, 24, 25, 16, 17, 35, 13, 1, 1, 17, 10, 1, 1, 33, 20, 21, 32, 20, 14, 1, 18, 22, 1, 1, 1, 33, 23, 26, 12, 19, 25, 25, 27, 1, 22, 4, 15, 25, 1, 1, 1, 24, 9, 16, 24, 1, 27, 1], "objects": ["Ball", "Goal", "PlinkoBorder", "BottomBorder", "Container", "Container", "Container", "Container", "Container"], "ball_args": [[64.0, 918.7982823981388]], "goal_args": [[64.0, 1000.0]], "container_args": [[[385, 849], 107, -2.770945260443785, -85.84140219619857], [[541, 723], 119, -9.095763996205612, 69.56601030928626], [[355, 720], 56, -5.382076708218281, 126.72344241105013], [[372, 453], 110, 12.193596498094353, 51.78686333908365], [[557, 378], 57, 14.99316906480923, 10.205289891319278]]}