{"name": "low_nocol_nosp_4", "screen_size": [800, 1000], "tick": 63, "tick_samples": [42, 33, 1, 27, 44, 1, 52, 60, 45, 69, 40, 26, 63, 1, 53, 25, 36, 65, 66, 47, 63, 40, 39, 33, 58, 29, 43, 32, 1, 67, 61, 44, 45, 40, 28, 47, 41, 26, 30, 35, 28, 59, 1, 62, 1, 62, 39, 38, 1, 28, 34, 1, 1, 63, 65, 29, 64, 65, 63, 62, 60, 66, 57, 30, 65, 64, 45, 54, 62, 59, 61, 65, 62, 30, 67, 41, 46, 1, 40, 60, 61, 38, 40, 41, 68, 35, 40, 45, 40, 58, 52, 42, 1, 52, 51, 56, 38, 62, 61, 63], "objects": ["Ball", "Goal", "PlinkoBorder", "BottomBorder", "Container", "Container", "Container", "Container", "Container"], "ball_args": [[605.0, 905.8807946069004]], "goal_args": [[173.0, 1000.0]], "container_args": [[[336, 866], 56, 9.199438115249324, -76.45696212002007], [[319, 569], 57, 11.020091673682117, 139.65925303392117], [[556, 830], 104, 1.2024197502753535, 60.46854313456425], [[361, 474], 80, -9.010873800185372, 64.18789423187974], [[502, 685], 48, 5.501217926355481, 111.99909249206421]]}