{"name": "low_nocol_nosp_7", "screen_size": [800, 1000], "tick": 128, "tick_samples": [129, 127, 126, 129, 126, 135, 136, 130, 129, 131, 128, 133, 126, 128, 128, 134, 129, 133, 131, 127, 131, 127, 129, 134, 125, 128, 132, 130, 126, 131, 130, 129, 124, 126, 125, 131, 126, 130, 130, 130, 127, 131, 136, 134, 133, 127, 129, 128, 129, 129, 129, 129, 130, 125, 126, 131, 130, 130, 128, 133, 129, 134, 133, 133, 131, 129, 128, 133, 125, 132, 128, 135, 129, 128, 133, 132, 127, 137, 128, 130, 134, 130, 131, 130, 133, 128, 135, 127, 130, 130, 127, 125, 129, 130, 132, 128, 129, 128, 131, 128], "objects": ["Ball", "Goal", "PlinkoBorder", "BottomBorder", "Container", "Container", "Container", "Container", "Container"], "ball_args": [[557.0, 653.7697406189195]], "goal_args": [[275.0, 1000.0]], "container_args": [[[406, 425], 88, 13.143093965584551, -158.2924527686035], [[599, 871], 73, -16.30193814252709, -44.03352089039806], [[363, 423], 102, -0.360731784869377, -18.711435594607977], [[470, 639], 91, 13.472229484904098, -37.027681590690484], [[220, 650], 118, -16.92781306908482, 31.6624658910329]]}