{"name": "med_yescol_nosp_7", "screen_size": [800, 1000], "tick": 217, "tick_samples": [203, 189, 188, 189, 207, 197, 189, 188, 189, 204, 189, 189, 188, 190, 189, 190, 188, 189, 189, 188, 189, 190, 188, 188, 189, 202, 205, 188, 189, 189, 189, 189, 213, 188, 190, 188, 189, 188, 189, 188, 189, 189, 189, 188, 189, 189, 205, 188, 188, 188, 188, 213, 189, 189, 189, 241, 189, 189, 188, 188, 188, 189, 237, 189, 190, 188, 189, 189, 189, 188, 188, 224, 189, 188, 188, 190, 188, 190, 189, 188, 189, 189, 189, 188, 212, 189, 189, 188, 189, 188, 188, 189, 189, 189, 189, 198, 189, 189, 230, 217], "objects": ["Ball", "Goal", "PlinkoBorder", "BottomBorder", "Container", "Container", "Container", "Container", "Container"], "ball_args": [[590.0, 143.17174973788755]], "goal_args": [[709.0, 1000.0]], "container_args": [[[528, 513], 107, -11.755101471061714, 40.2415274880539], [[414, 227], 57, -4.019151308099678, -62.53946414247302], [[439, 807], 62, 2.3393896402430503, -107.55048454501588], [[298, 590], 103, -6.234779430700228, 53.31803425238092], [[572, 355], 48, -13.46177871874368, 61.107804277403105]]}