{"name": "med_nocol_nosp_10", "screen_size": [800, 1000], "tick": 206, "tick_samples": [184, 172, 177, 172, 226, 172, 173, 172, 172, 198, 173, 172, 173, 171, 172, 173, 173, 174, 172, 173, 173, 172, 191, 174, 172, 171, 171, 173, 172, 172, 174, 173, 172, 176, 191, 201, 176, 173, 173, 172, 172, 173, 171, 173, 172, 172, 173, 172, 173, 171, 172, 171, 172, 173, 170, 181, 189, 180, 201, 173, 173, 172, 171, 172, 175, 190, 172, 173, 172, 173, 173, 173, 171, 172, 173, 173, 172, 172, 171, 172, 172, 172, 172, 172, 180, 172, 172, 173, 211, 172, 172, 182, 210, 171, 172, 171, 172, 173, 172, 206], "objects": ["Ball", "Goal", "PlinkoBorder", "BottomBorder", "Container", "Container", "Container", "Container", "Container"], "ball_args": [[261.0, 245.91823280249028]], "goal_args": [[540.0, 1000.0]], "container_args": [[[591, 354], 78, -20.750883922688924, -63.54270846363038], [[252, 473], 103, 7.901433414071873, 112.3144082385457], [[404, 426], 73, -2.454932077563202, -115.1981238215433], [[296, 724], 59, 4.9091934478830765, 47.39481814519991], [[307, 521], 52, 0.6605040095362812, -44.82328902602753]]}