{"name": "med_nocol_nosp_9", "screen_size": [800, 1000], "tick": 252, "tick_samples": [254, 255, 254, 253, 253, 254, 253, 253, 254, 254, 253, 253, 255, 253, 253, 253, 253, 256, 254, 253, 254, 255, 255, 255, 253, 254, 255, 255, 253, 254, 254, 255, 253, 253, 252, 254, 254, 254, 255, 254, 255, 254, 252, 254, 254, 255, 255, 254, 253, 253, 252, 253, 255, 254, 255, 253, 254, 254, 252, 254, 253, 254, 252, 255, 254, 254, 252, 254, 253, 253, 254, 254, 254, 257, 254, 253, 254, 253, 252, 256, 253, 253, 255, 255, 254, 254, 251, 252, 253, 254, 254, 253, 251, 253, 253, 253, 253, 255, 254, 252], "objects": ["Ball", "Goal", "PlinkoBorder", "BottomBorder", "Container", "Container", "Container", "Container", "Container"], "ball_args": [[262.0, 214.46524009812416]], "goal_args": [[695.0, 1000.0]], "container_args": [[[273, 812], 50, 4.431661871814449, -61.643022553600694], [[592, 545], 48, 3.847998696867428, -11.776619513375383], [[564, 471], 77, 0.4931275119510741, -99.59005848540072], [[217, 499], 75, -12.962184610804762, -20.59944567881854], [[345, 697], 92, 22.124762699829805, 26.77807988987939]]}