{"name": "med_yescol_nosp_6", "screen_size": [800, 1000], "tick": 199, "tick_samples": [198, 198, 198, 198, 197, 199, 197, 198, 199, 198, 197, 198, 200, 198, 198, 197, 197, 198, 198, 199, 198, 197, 197, 197, 198, 197, 199, 199, 196, 199, 197, 198, 199, 197, 198, 198, 199, 196, 199, 195, 199, 196, 197, 198, 196, 198, 196, 198, 199, 196, 199, 197, 198, 199, 199, 196, 199, 199, 198, 197, 198, 199, 199, 197, 198, 197, 198, 198, 198, 197, 198, 198, 199, 197, 196, 196, 198, 198, 198, 198, 198, 199, 197, 197, 198, 200, 197, 198, 199, 198, 197, 196, 198, 196, 198, 198, 198, 198, 198, 199], "objects": ["Ball", "Goal", "PlinkoBorder", "BottomBorder", "Container", "Container", "Container", "Container", "Container"], "ball_args": [[384.0, 118.62375309471366]], "goal_args": [[613.0, 1000.0]], "container_args": [[[286, 325], 41, 9.790598063361507, -152.72737595712013], [[212, 940], 116, -7.749769654481707, -150.82374204078076], [[280, 672], 73, 15.347883767785902, 53.68799239710332], [[573, 680], 102, 8.590903572568832, 148.4399793862163], [[383, 822], 63, 1.6280500365220483, 230.46332890641074]]}