{"name": "med_yescol_yessp_4", "screen_size": [800, 1000], "tick": 168, "tick_samples": [170, 168, 169, 169, 169, 168, 169, 169, 168, 169, 168, 168, 169, 168, 169, 169, 168, 168, 168, 168, 169, 169, 169, 168, 169, 168, 168, 168, 168, 168, 169, 169, 169, 169, 168, 168, 169, 168, 168, 167, 169, 169, 167, 168, 168, 168, 169, 168, 168, 168, 169, 168, 169, 168, 168, 169, 168, 168, 168, 168, 169, 168, 168, 168, 168, 168, 168, 169, 169, 168, 169, 168, 169, 169, 169, 168, 168, 169, 169, 169, 169, 168, 168, 168, 168, 169, 169, 168, 169, 168, 168, 169, 169, 169, 168, 169, 168, 169, 169, 168], "objects": ["Ball", "Goal", "PlinkoBorder", "BottomBorder", "Container", "Container", "Container", "Container", "Container"], "ball_args": [[163.0, 157.02710917575928]], "goal_args": [[163.0, 1000.0]], "container_args": [[[410, 410], 105, 10.260198123244212, -122.01133840585541], [[310, 738], 113, 0.09598838227342135, -8.828742601455874], [[578, 701], 78, -3.6216704450801336, 139.66896302500737], [[544, 888], 87, -10.638943766339644, -83.31410576445448], [[279, 767], 119, -2.277749956157113, -97.41221577640009]]}