{"name": "med_nocol_nosp_6", "screen_size": [800, 1000], "tick": 184, "tick_samples": [182, 186, 286, 182, 186, 201, 188, 186, 184, 186, 185, 182, 187, 187, 184, 184, 186, 179, 185, 188, 186, 183, 159, 184, 185, 182, 187, 185, 185, 184, 187, 186, 181, 182, 184, 181, 185, 185, 187, 185, 185, 186, 186, 185, 185, 196, 186, 186, 187, 187, 185, 186, 181, 184, 185, 186, 184, 185, 183, 187, 164, 184, 182, 186, 185, 185, 185, 184, 182, 184, 185, 184, 185, 186, 183, 184, 186, 183, 162, 185, 183, 184, 186, 186, 182, 185, 186, 185, 185, 183, 186, 166, 226, 185, 169, 274, 186, 184, 186, 184], "objects": ["Ball", "Goal", "PlinkoBorder", "BottomBorder", "Container", "Container", "Container", "Container", "Container"], "ball_args": [[425.0, 272.95654156814123]], "goal_args": [[534.0, 1000.0]], "container_args": [[[487, 880], 115, -7.4979071352976145, -44.38550661851965], [[305, 441], 56, 19.01577113328439, -45.49768814802754], [[495, 705], 46, -1.2354788754167136, 93.56876119960356], [[529, 475], 109, 6.886213355781963, -49.80563182984342], [[322, 673], 117, 2.5144019801832176, 112.37706348094386]]}