{"name": "med_yescol_nosp_9", "screen_size": [800, 1000], "tick": 203, "tick_samples": [202, 202, 202, 202, 202, 202, 202, 202, 202, 202, 202, 202, 202, 203, 202, 202, 202, 202, 202, 202, 201, 202, 204, 204, 203, 203, 202, 202, 203, 202, 203, 203, 203, 203, 204, 204, 203, 203, 202, 203, 203, 202, 202, 202, 202, 202, 203, 202, 202, 201, 203, 202, 202, 202, 203, 202, 203, 202, 203, 203, 202, 202, 203, 202, 202, 203, 203, 202, 203, 202, 203, 202, 202, 203, 202, 203, 202, 202, 202, 203, 203, 202, 202, 201, 202, 202, 202, 202, 202, 203, 202, 202, 203, 203, 203, 202, 202, 202, 202, 203], "objects": ["Ball", "Goal", "PlinkoBorder", "BottomBorder", "Container", "Container", "Container", "Container", "Container"], "ball_args": [[330.0, 63.73818640129876]], "goal_args": [[88.0, 1000.0]], "container_args": [[[492, 238], 46, -8.75911051475153, 62.1125743528427], [[438, 809], 51, 5.647329864393834, -165.6291650666048], [[405, 291], 78, -6.236921153509783, 88.75432325301297], [[379, 246], 98, 2.7876280305741834, 119.99040690818714], [[460, 901], 93, -15.110761849919854, 1.740175565343888]]}