{"name": "med_nocol_nosp_7", "screen_size": [800, 1000], "tick": 277, "tick_samples": [286, 288, 278, 289, 282, 290, 290, 290, 277, 283, 283, 284, 288, 287, 288, 288, 290, 281, 284, 282, 281, 297, 282, 288, 277, 288, 281, 277, 284, 284, 285, 280, 293, 286, 287, 285, 288, 289, 279, 285, 295, 290, 279, 283, 286, 288, 290, 290, 296, 286, 285, 282, 291, 284, 285, 281, 288, 287, 294, 286, 283, 286, 287, 282, 287, 286, 273, 293, 290, 292, 292, 292, 295, 287, 287, 279, 286, 283, 293, 285, 291, 284, 286, 290, 289, 280, 290, 281, 287, 288, 286, 282, 287, 284, 282, 290, 293, 281, 295, 277], "objects": ["Ball", "Goal", "PlinkoBorder", "BottomBorder", "Container", "Container", "Container", "Container", "Container"], "ball_args": [[264.0, 149.18297320082388]], "goal_args": [[633.0, 1000.0]], "container_args": [[[384, 697], 57, -2.87440291603707, 43.603331007595976], [[301, 897], 59, 3.9425735751446567, 133.2718029130324], [[276, 200], 114, -6.057410715359541, -15.33662093969779], [[316, 342], 41, 9.89180075842475, 79.85354091234309], [[301, 884], 116, -6.313331920473337, 5.420818604990608]]}