{"name": "med_yescol_yessp_6", "screen_size": [800, 1000], "tick": 178, "tick_samples": [177, 178, 177, 178, 178, 178, 178, 178, 177, 178, 178, 177, 177, 178, 178, 178, 178, 178, 177, 178, 178, 178, 177, 177, 178, 178, 178, 178, 177, 177, 177, 178, 177, 178, 177, 178, 178, 177, 177, 178, 178, 177, 177, 177, 178, 178, 178, 177, 178, 178, 178, 178, 178, 178, 178, 178, 177, 177, 177, 177, 177, 178, 177, 178, 178, 177, 177, 178, 178, 177, 178, 177, 178, 178, 178, 178, 178, 177, 178, 177, 177, 178, 178, 178, 177, 177, 178, 178, 177, 178, 178, 178, 178, 178, 178, 178, 178, 177, 178, 178], "objects": ["Ball", "Goal", "PlinkoBorder", "BottomBorder", "Container", "Container", "Container", "Container", "Container"], "ball_args": [[40.0, 88.00291306060427]], "goal_args": [[40.0, 1000.0]], "container_args": [[[364, 605], 68, -12.455946156990516, 94.12281527803157], [[432, 535], 81, 23.802371999365374, 15.59420996137821], [[529, 824], 49, 7.152564771113629, -32.16039919139243], [[363, 211], 46, 3.153112781718966, 94.4749872067919], [[393, 836], 76, -10.472268907110614, -119.02317352318885]]}