{"name": "med_yescol_yessp_2", "screen_size": [800, 1000], "tick": 176, "tick_samples": [175, 176, 176, 175, 175, 176, 176, 175, 175, 176, 175, 175, 176, 176, 175, 175, 176, 176, 175, 175, 175, 176, 176, 175, 175, 176, 175, 175, 175, 175, 176, 176, 175, 175, 176, 175, 175, 175, 175, 175, 176, 175, 175, 175, 175, 175, 175, 176, 176, 175, 175, 175, 176, 176, 175, 176, 176, 175, 175, 175, 175, 176, 175, 175, 176, 176, 175, 176, 176, 175, 175, 175, 176, 175, 176, 175, 175, 176, 176, 176, 175, 175, 176, 176, 176, 175, 175, 175, 175, 176, 175, 175, 175, 175, 175, 175, 176, 175, 175, 176], "objects": ["Ball", "Goal", "PlinkoBorder", "BottomBorder", "Container", "Container", "Container", "Container", "Container"], "ball_args": [[60.0, 104.45886700331157]], "goal_args": [[60.0, 1000.0]], "container_args": [[[409, 759], 110, -9.21196434418796, 101.19981882192627], [[216, 840], 115, 14.055287875032604, 28.569813258766228], [[259, 458], 62, -2.879747545948545, 86.94157122348076], [[293, 930], 106, 4.097519683952912, -22.349858722553872], [[342, 859], 113, -4.1975646757560545, 93.54824454238687]]}