{"name": "med_nocol_yessp_10", "screen_size": [800, 1000], "tick": 162, "tick_samples": [163, 161, 161, 162, 161, 161, 162, 162, 161, 162, 161, 161, 162, 161, 162, 160, 162, 161, 162, 162, 162, 160, 162, 161, 160, 161, 161, 162, 162, 161, 162, 161, 162, 162, 161, 162, 162, 162, 161, 161, 161, 162, 161, 162, 161, 163, 161, 162, 160, 161, 161, 162, 161, 162, 161, 161, 161, 162, 163, 161, 162, 161, 161, 159, 162, 163, 160, 161, 161, 160, 162, 163, 162, 160, 160, 161, 162, 160, 162, 162, 162, 162, 160, 161, 162, 162, 162, 162, 161, 161, 161, 162, 163, 163, 162, 160, 161, 162, 161, 162], "objects": ["Ball", "Goal", "PlinkoBorder", "BottomBorder", "Container", "Container", "Container", "Container", "Container"], "ball_args": [[43.0, 250.27793741829268]], "goal_args": [[760.0, 1000.0]], "container_args": [[[317, 351], 70, 7.832500488363564, -4.624067609760555], [[379, 607], 51, -4.195101288001562, -108.79286436068395], [[423, 873], 49, 7.371775502564571, -39.22799038381386], [[225, 415], 66, -14.156795152583488, -46.517205589641534], [[415, 431], 98, -20.252320640109506, 21.645582777392068]]}