{"name": "med_nocol_nosp_8", "screen_size": [800, 1000], "tick": 242, "tick_samples": [243, 243, 242, 239, 242, 242, 242, 240, 242, 242, 242, 243, 242, 242, 242, 243, 244, 243, 242, 243, 241, 237, 241, 236, 238, 242, 244, 241, 239, 242, 241, 243, 243, 242, 237, 242, 242, 242, 243, 241, 238, 242, 242, 243, 242, 242, 242, 242, 242, 243, 244, 243, 242, 242, 242, 237, 242, 242, 242, 238, 242, 238, 243, 243, 241, 241, 236, 240, 242, 241, 243, 243, 243, 243, 242, 243, 238, 241, 242, 244, 243, 242, 242, 243, 243, 242, 244, 244, 242, 244, 241, 243, 243, 244, 242, 240, 242, 243, 242, 242], "objects": ["Ball", "Goal", "PlinkoBorder", "BottomBorder", "Container", "Container", "Container", "Container", "Container"], "ball_args": [[611.0, 214.96738688245765]], "goal_args": [[341.0, 1000.0]], "container_args": [[[223, 857], 74, 0.18701982470340772, 102.36177529675392], [[570, 660], 102, 0.8540843056891183, -147.54310154188443], [[474, 564], 57, -21.983235454245627, -22.297769235976773], [[444, 379], 48, 3.4157219549855644, -72.57379483266284], [[271, 359], 118, 4.646495503059406, 76.72727222290604]]}