{"name": "med_nocol_yessp_6", "screen_size": [800, 1000], "tick": 172, "tick_samples": [172, 171, 172, 172, 172, 172, 173, 171, 173, 172, 171, 172, 172, 172, 172, 172, 171, 172, 172, 171, 172, 171, 172, 171, 172, 171, 172, 171, 172, 172, 171, 172, 172, 172, 172, 171, 171, 171, 172, 172, 172, 172, 171, 172, 172, 171, 172, 171, 172, 172, 172, 172, 172, 172, 171, 171, 171, 171, 172, 172, 171, 172, 172, 172, 172, 172, 171, 171, 172, 172, 172, 172, 172, 173, 171, 172, 172, 172, 172, 172, 172, 173, 171, 172, 172, 172, 171, 172, 171, 172, 172, 172, 173, 171, 172, 172, 171, 171, 172, 172], "objects": ["Ball", "Goal", "PlinkoBorder", "BottomBorder", "Container", "Container", "Container", "Container", "Container"], "ball_args": [[124.0, 174.48984713175088]], "goal_args": [[587.0, 1000.0]], "container_args": [[[360, 316], 78, 4.639911170513349, 95.63636588136498], [[347, 815], 115, 2.1098438806690964, 61.36487373712729], [[243, 779], 95, 10.334749163801986, -141.23387751633987], [[553, 678], 75, -8.15926597270322, 16.948365626469663], [[390, 676], 109, -5.536537514916572, -32.4821469699995]]}