{"name": "med_yescol_yessp_7", "screen_size": [800, 1000], "tick": 166, "tick_samples": [165, 165, 166, 165, 167, 166, 166, 164, 166, 166, 167, 166, 166, 166, 167, 166, 166, 166, 166, 166, 165, 166, 166, 166, 166, 165, 166, 166, 165, 166, 166, 166, 166, 166, 166, 166, 166, 166, 166, 166, 165, 165, 165, 166, 166, 166, 165, 166, 165, 165, 165, 166, 166, 166, 165, 166, 166, 166, 166, 165, 166, 165, 167, 166, 165, 165, 165, 166, 166, 165, 165, 166, 165, 166, 166, 167, 166, 166, 166, 165, 166, 166, 165, 166, 165, 166, 166, 165, 166, 166, 166, 166, 166, 166, 166, 166, 167, 166, 166, 166], "objects": ["Ball", "Goal", "PlinkoBorder", "BottomBorder", "Container", "Container", "Container", "Container", "Container"], "ball_args": [[699.0, 176.8674787440682]], "goal_args": [[699.0, 1000.0]], "container_args": [[[334, 624], 106, 1.815182024776809, -5.911197833081939], [[370, 884], 110, 1.612186577559889, -5.342639269879822], [[311, 858], 112, 0.10717162688527149, 45.72522164343394], [[281, 759], 80, -1.0504031404608547, 62.444643957354], [[561, 654], 87, -12.541232042245225, -52.36723243255353]]}