{"name": "med_nocol_yessp_5", "screen_size": [800, 1000], "tick": 178, "tick_samples": [178, 177, 177, 178, 178, 178, 177, 177, 178, 177, 178, 178, 177, 177, 177, 177, 177, 178, 177, 178, 177, 178, 177, 177, 177, 178, 178, 177, 177, 177, 177, 178, 178, 177, 177, 177, 177, 178, 177, 178, 178, 177, 177, 178, 178, 178, 178, 178, 178, 178, 177, 178, 178, 178, 177, 178, 178, 177, 177, 178, 177, 177, 178, 178, 177, 177, 178, 178, 178, 177, 178, 178, 178, 178, 178, 178, 177, 178, 177, 177, 177, 178, 177, 178, 178, 178, 177, 178, 178, 178, 178, 178, 177, 177, 178, 177, 177, 178, 177, 178], "objects": ["Ball", "Goal", "PlinkoBorder", "BottomBorder", "Container", "Container", "Container", "Container", "Container"], "ball_args": [[662.0, 130.64920526744118]], "goal_args": [[366.0, 1000.0]], "container_args": [[[209, 451], 56, 0.18912139768649197, -12.807955807672338], [[236, 309], 90, -10.044962304638844, -57.14187034538746], [[486, 920], 74, 9.46847088777306, 29.891950190123357], [[212, 902], 43, 10.54830038665669, 0.7204364092483918], [[464, 566], 108, 10.789646994140556, -97.08272784909111]]}