{"name": "med_nocol_yessp_9", "screen_size": [800, 1000], "tick": 155, "tick_samples": [155, 156, 156, 156, 155, 154, 156, 154, 155, 155, 156, 154, 154, 156, 154, 156, 156, 154, 154, 155, 155, 154, 155, 154, 157, 156, 156, 156, 157, 155, 155, 155, 155, 155, 155, 154, 155, 155, 156, 156, 156, 154, 155, 155, 156, 157, 156, 155, 154, 155, 155, 155, 156, 156, 155, 155, 155, 155, 154, 155, 155, 154, 156, 156, 155, 157, 156, 156, 154, 156, 156, 155, 156, 154, 154, 156, 155, 155, 156, 155, 156, 155, 156, 156, 156, 155, 156, 155, 156, 156, 155, 157, 155, 155, 154, 157, 155, 155, 157, 155], "objects": ["Ball", "Goal", "PlinkoBorder", "BottomBorder", "Container", "Container", "Container", "Container", "Container"], "ball_args": [[23.0, 294.36326970101425]], "goal_args": [[201.0, 1000.0]], "container_args": [[[598, 890], 73, -0.9390575576218174, -48.562850320464975], [[288, 753], 113, 3.7189125679013397, -22.491332646285496], [[456, 699], 51, 15.88623583135757, 57.13706761658311], [[528, 628], 44, -0.02110874654228831, 29.70759633064587], [[477, 519], 86, -7.632767023124095, -74.82991060498945]]}