{"name": "med_yescol_nosp_8", "screen_size": [800, 1000], "tick": 210, "tick_samples": [206, 207, 211, 209, 208, 210, 212, 209, 211, 207, 206, 207, 208, 208, 206, 210, 207, 208, 211, 206, 206, 209, 208, 204, 207, 210, 209, 207, 210, 208, 211, 206, 209, 208, 212, 210, 210, 207, 208, 208, 210, 210, 208, 207, 210, 208, 212, 205, 208, 211, 206, 209, 208, 206, 209, 210, 211, 207, 208, 209, 211, 209, 207, 208, 208, 206, 209, 211, 208, 208, 209, 208, 208, 208, 208, 211, 209, 210, 210, 207, 206, 209, 205, 208, 207, 205, 209, 209, 206, 207, 207, 205, 210, 211, 206, 206, 210, 205, 209, 210], "objects": ["Ball", "Goal", "PlinkoBorder", "BottomBorder", "Container", "Container", "Container", "Container", "Container"], "ball_args": [[562.0, 251.5200117880811]], "goal_args": [[745.0, 1000.0]], "container_args": [[[459, 669], 109, -0.6302245337444521, 79.36490287978637], [[452, 278], 103, 6.288663036311169, -81.20290349089026], [[337, 225], 59, -12.169951157988306, 134.3397733467448], [[301, 588], 78, -7.367726058999587, 71.07199493192087], [[523, 887], 102, 3.049482759098639, 33.315846682718565]]}