{"name": "med_yescol_nosp_10", "screen_size": [800, 1000], "tick": 181, "tick_samples": [181, 181, 182, 180, 180, 181, 182, 181, 181, 181, 180, 181, 179, 181, 180, 181, 181, 180, 183, 180, 183, 181, 182, 189, 182, 181, 206, 180, 180, 181, 179, 180, 182, 181, 181, 180, 180, 180, 182, 181, 181, 181, 181, 182, 210, 180, 179, 180, 180, 181, 182, 182, 181, 181, 200, 181, 192, 180, 182, 182, 179, 180, 203, 187, 181, 182, 182, 180, 180, 196, 181, 181, 183, 181, 180, 182, 181, 182, 180, 182, 182, 179, 183, 181, 182, 181, 182, 181, 182, 180, 181, 182, 181, 180, 182, 181, 182, 181, 180, 181], "objects": ["Ball", "Goal", "PlinkoBorder", "BottomBorder", "Container", "Container", "Container", "Container", "Container"], "ball_args": [[438.0, 266.7559734785907]], "goal_args": [[193.0, 1000.0]], "container_args": [[[339, 902], 57, -1.9361770277381976, -225.13726565625814], [[215, 354], 109, -11.107764229139608, 95.38991850380947], [[507, 599], 103, -11.847054389844038, -53.454237801658806], [[322, 367], 105, 4.026296127322832, -41.871582460481406], [[228, 311], 85, -8.709082620897682, 163.6018127777278]]}