{"name": "med_nocol_yessp_7", "screen_size": [800, 1000], "tick": 182, "tick_samples": [182, 182, 182, 182, 181, 182, 182, 181, 182, 182, 182, 182, 182, 181, 182, 182, 182, 181, 181, 182, 182, 182, 181, 182, 182, 181, 181, 182, 182, 182, 182, 182, 182, 182, 182, 181, 182, 182, 181, 181, 182, 182, 182, 182, 182, 182, 182, 182, 182, 182, 181, 181, 181, 182, 181, 182, 182, 182, 181, 182, 182, 181, 181, 182, 182, 182, 182, 182, 182, 182, 181, 182, 182, 182, 182, 181, 182, 182, 182, 182, 182, 182, 182, 182, 181, 182, 182, 182, 182, 182, 182, 182, 182, 182, 182, 182, 182, 181, 182, 182], "objects": ["Ball", "Goal", "PlinkoBorder", "BottomBorder", "Container", "Container", "Container", "Container", "Container"], "ball_args": [[202.0, 98.74585451791333]], "goal_args": [[579.0, 1000.0]], "container_args": [[[505, 723], 73, 0.13758539331520322, 36.20646857292572], [[358, 869], 92, -13.318412038856753, 15.79673887567661], [[429, 558], 69, -2.2044723950354, -41.361986315535994], [[272, 639], 74, 5.78130460764704, 88.64972594049088], [[384, 458], 49, -14.423803122192831, 49.542749871490244]]}