{"name": "med_nocol_nosp_5", "screen_size": [800, 1000], "tick": 261, "tick_samples": [261, 262, 261, 261, 261, 261, 262, 261, 262, 262, 261, 262, 261, 263, 261, 262, 262, 261, 261, 261, 262, 262, 261, 261, 261, 261, 261, 261, 261, 261, 262, 261, 261, 262, 261, 261, 262, 262, 261, 261, 261, 261, 261, 262, 262, 261, 261, 262, 262, 262, 261, 261, 262, 261, 261, 261, 262, 261, 261, 261, 262, 261, 262, 261, 261, 262, 261, 261, 261, 261, 262, 262, 262, 261, 261, 261, 262, 261, 261, 262, 261, 261, 261, 261, 261, 262, 262, 261, 261, 261, 262, 261, 261, 261, 262, 262, 261, 261, 261, 261], "objects": ["Ball", "Goal", "PlinkoBorder", "BottomBorder", "Container", "Container", "Container", "Container", "Container"], "ball_args": [[242.0, 98.65720775383164]], "goal_args": [[614.0, 1000.0]], "container_args": [[[398, 592], 66, -3.08774815712326, -71.83401780765136], [[509, 875], 52, 13.479482684363713, -56.185343067449814], [[592, 273], 55, 1.170929100214124, 51.68504956045321], [[334, 291], 68, -9.75761571141554, 33.33301357490951], [[264, 513], 60, 2.10131913349419, -32.37407473921216]]}