{"name": "med_yescol_nosp_5", "screen_size": [800, 1000], "tick": 210, "tick_samples": [208, 208, 205, 209, 207, 207, 208, 209, 210, 207, 208, 210, 208, 208, 207, 209, 206, 209, 208, 207, 210, 209, 207, 209, 209, 209, 209, 207, 208, 207, 209, 209, 208, 207, 208, 206, 208, 209, 210, 206, 208, 207, 208, 207, 207, 208, 208, 209, 209, 208, 208, 209, 208, 209, 210, 207, 207, 205, 209, 208, 208, 209, 209, 208, 208, 207, 208, 209, 210, 210, 209, 208, 210, 210, 208, 209, 209, 208, 207, 210, 210, 209, 211, 208, 208, 208, 209, 210, 210, 207, 209, 209, 209, 209, 207, 206, 208, 207, 207, 210], "objects": ["Ball", "Goal", "PlinkoBorder", "BottomBorder", "Container", "Container", "Container", "Container", "Container"], "ball_args": [[506.0, 273.3819462686719]], "goal_args": [[747.0, 1000.0]], "container_args": [[[461, 816], 94, 5.221696176496212, 35.39181242536567], [[207, 637], 79, 10.49865120887616, 27.87713808130565], [[298, 309], 47, 2.5360256070325233, 189.75296542185612], [[332, 302], 89, -1.8410150145219744, -139.99814266281135], [[219, 327], 78, 7.0154112824152115, -101.01239683929983]]}