{"name": "med_yescol_yessp_10", "screen_size": [800, 1000], "tick": 170, "tick_samples": [170, 170, 170, 171, 170, 170, 170, 170, 170, 170, 170, 170, 170, 170, 170, 170, 170, 170, 171, 169, 170, 170, 170, 170, 169, 170, 170, 170, 170, 170, 170, 170, 170, 170, 170, 170, 170, 170, 170, 170, 170, 171, 170, 170, 170, 170, 170, 170, 170, 170, 170, 170, 170, 170, 170, 170, 170, 169, 170, 170, 170, 170, 170, 170, 171, 170, 171, 171, 170, 171, 171, 170, 170, 171, 170, 170, 171, 170, 170, 170, 170, 170, 169, 170, 170, 170, 170, 170, 170, 170, 170, 170, 170, 170, 170, 170, 170, 171, 171, 170], "objects": ["Ball", "Goal", "PlinkoBorder", "BottomBorder", "Container", "Container", "Container", "Container", "Container"], "ball_args": [[258.0, 144.2516086626826]], "goal_args": [[258.0, 1000.0]], "container_args": [[[519, 891], 49, -6.404361599954842, 111.5995691338055], [[350, 800], 72, 9.490799280143413, 103.12998713933743], [[509, 397], 79, 0.9996007580579969, 101.61802689950531], [[354, 395], 97, -8.624938846509073, 114.90271938987586], [[491, 840], 96, -2.8881758613758564, 48.541042652078644]]}