{"name": "med_nocol_yessp_8", "screen_size": [800, 1000], "tick": 179, "tick_samples": [179, 179, 179, 179, 179, 180, 179, 179, 179, 179, 179, 179, 179, 178, 179, 179, 179, 179, 179, 179, 179, 179, 179, 179, 179, 179, 179, 179, 179, 179, 179, 179, 179, 179, 178, 178, 179, 179, 179, 179, 178, 179, 179, 179, 179, 179, 179, 179, 179, 180, 179, 178, 179, 179, 179, 179, 179, 179, 179, 179, 179, 179, 179, 179, 179, 179, 179, 179, 180, 179, 179, 180, 179, 179, 179, 179, 179, 179, 179, 179, 179, 179, 180, 180, 179, 179, 179, 179, 179, 180, 179, 179, 179, 179, 179, 179, 179, 179, 179, 179], "objects": ["Ball", "Goal", "PlinkoBorder", "BottomBorder", "Container", "Container", "Container", "Container", "Container"], "ball_args": [[199.0, 118.74472774892132]], "goal_args": [[308.0, 1000.0]], "container_args": [[[554, 612], 40, 5.103669778536401, -23.54099528943001], [[315, 292], 59, 3.1427672081324247, 19.212293348421063], [[548, 894], 71, 2.201819362693363, -65.29830103294249], [[506, 213], 87, -6.432278801265458, 19.364001007795707], [[554, 742], 64, 2.9011871510672274, 74.45047222185237]]}