{
    "name": "stim_2",
    "screen_size": [
        800,
        1000
    ],
    "tick": [
        400
    ],
    "tick_samples": [
        392,
        333,
        401,
        397,
        395,
        402,
        402,
        398,
        396,
        395,
        397,
        397,
        388,
        392,
        394,
        394,
        403,
        395,
        398,
        395,
        403,
        399,
        397,
        394,
        394,
        393,
        397,
        397,
        396,
        400,
        395,
        400,
        396,
        396,
        397,
        400,
        395,
        401,
        393,
        393,
        397,
        391,
        399,
        394,
        403,
        391,
        393,
        391,
        396,
        393,
        397,
        393,
        400,
        401,
        396,
        395,
        392,
        398,
        402,
        394,
        394,
        401,
        401,
        391,
        393,
        401,
        391,
        402,
        351,
        397,
        402,
        395,
        395,
        391,
        399,
        395,
        394,
        402,
        393,
        398,
        398,
        394,
        395,
        394,
        400,
        392,
        389,
        393,
        393,
        393,
        394,
        395,
        390,
        400,
        403,
        392,
        394,
        401,
        400,
        400
    ],
    "objects": [
        "Ball",
        "Goal",
        "PlinkoBorder",
        "BottomBorder",
        "Container",
        "Container"
    ],
    "ball_args": [
        [
            420.0,
            58.63367455319502
        ]
    ],
    "goal_args": [
        [
            420.8422472422509,
            573.9306273954677
        ]
    ],
    "container_args": [
        [
            [
                150,
                470
            ],
            31.06440520831166,
            4.151794621432254,
            -106.32412897041435
        ],
        [
            [
                420,
                404
            ],
            85.94893711251426,
            -0.5174308550036631,
            -29.732848938633182
        ],
        [
            [
                569,
                900
            ],
            42.821352352724354,
            10.751298415710906,
            41.58877611559359
        ]
    ]
}