{"name": "stim_6_goalpos_3", "screen_size": [800, 1500], "tick": 168, "tick_samples": [168, 169, 168, 169, 168, 168, 169, 169, 168, 168, 168, 168, 169, 169, 169, 168, 169, 169, 168, 168, 169, 170, 168, 168, 168, 169, 169, 168, 169, 168, 169, 168, 169, 169, 169, 168, 169, 168, 169, 168, 169, 168, 169, 169, 168, 168, 169, 169, 169, 168, 169, 168, 169, 168, 168, 168, 169, 169, 169, 169, 169, 168, 169, 169, 168, 169, 168, 168, 168, 169, 169, 169, 168, 169, 169, 169, 169, 169, 168, 169, 169, 169, 169, 169, 168, 169, 170, 168, 168, 169, 168, 169, 168, 168, 169, 169, 168, 169, 169, 168], "objects": ["Ball", "Goal", "PlinkoBorder", "BottomBorder", "Container"], "ball_args": [[196.0, 239.2088937264609]], "goal_args": [[196.0, 664.2139674108508]], "container_args": [[[511, 844], 114, 0, 125.83758424802868], [[566, 382], 56, 0, 22.668989818039414], [[506, 637], 54, 0, -5.791023887837246], [[376, 918], 69, 0, -80.27624542164371]], "bottom_border_args": [[10, 1480], [790, 1480]], "plinko_border_args": [1492, 800]}