{"name": "stim_4_goalpos_6", "screen_size": [800, 1500], "tick": 253, "tick_samples": [204, 252, 218, 253, 256, 251, 206, 218, 199, 198, 253, 218, 251, 253, 253, 237, 226, 252, 253, 252, 225, 205, 252, 253, 230, 218, 217, 249, 218, 255, 240, 222, 253, 201, 253, 200, 253, 239, 254, 219, 251, 236, 252, 219, 252, 227, 226, 252, 252, 207, 220, 253, 253, 251, 254, 253, 210, 252, 252, 253, 252, 215, 231, 252, 253, 253, 209, 216, 252, 223, 253, 253, 252, 226, 253, 240, 207, 215, 253, 252, 252, 239, 253, 254, 252, 253, 220, 253, 221, 251, 217, 253, 245, 253, 254, 251, 254, 203, 248, 253], "objects": ["Ball", "Goal", "PlinkoBorder", "BottomBorder", "Container"], "ball_args": [[600.0, 154.18800491422394]], "goal_args": [[293.14792646249975, 780.5657640695857]], "container_args": [[[600, 395], 97.34537164963378, 0, -29.732848938633182], [[150, 985], 97.34537164963378, 0, 45.73284893863318], [[580, 679], 109, 0, -150.87571945133308], [[230, 279], 73, 0, -105.6923502450716]], "bottom_border_args": [[10, 1480], [790, 1480]], "plinko_border_args": [1492, 800]}